system_id,molecule,name,metal,facet,group,ref_INT,ref_dint,gallery_cif,dft_Eads_eV,dft_dMX_ang,dft_MX_pair,dft_dint_ang,notes
CH3O_Cu111_fcc,CH3O,methoxy,Cu,111,existing,C-O,1.42,,,,,,
CH3OH_Cu111_top,CH3OH,methanol,Cu,111,existing,C-O,1.43,,,,,,
CO_Cu111_atop,CO,CO,Cu,111,existing,C-O,1.15,,,,,,
CO2_Cu111_top,CO2,CO2,Cu,111,existing,C-O,1.16,,,,,,
HCOOH_Cu111_top,HCOOH,formic_acid,Cu,111,existing,,,,,,,,
C2H2_Pd111_bri,C2H2,acetylene,Pd,111,existing,C-C,1.32,,,,,,
CO_Pd111_fcc,CO,CO,Pd,111,existing,C-O,1.17,,,,,,
C2H4_Pt111_bri,C2H4,ethylene,Pt,111,existing,C-C,1.49,,,,,,
C2H6_Pt111_top,C2H6,ethane,Pt,111,existing,C-C,1.53,,,,,,
CH3_Pt111_top,CH3,methyl,Pt,111,existing,C-H,1.09,,,,,,
C2H5OH_Pt111_top,CH3CH2OH,ethanol,Pt,111,existing,C-O,1.43,,,,,,
CH3CHO_Pt111_top,CH3CHO,acetaldehyde,Pt,111,existing,C-O,1.22,,,,,,
CH3COOH_Pt111_top,CH3COOH,acetic_acid,Pt,111,existing,C-C,1.5,,,,,,
DME_Pt111_top,CH3OCH3,DME,Pt,111,existing,C-O,1.41,,,,,,
CH4_Pt111_top,CH4,methane,Pt,111,existing,C-H,1.09,,,,,,
CO_Pt111_atop,CO,CO,Pt,111,existing,C-O,1.15,,,,,,
CO_Pt111_fcc,CO,CO,Pt,111,existing,C-O,1.16,,,,,,
H_Pt111_fcc,H,atomicH,Pt,111,existing,,,,,,,,
H2CO_Pt111_top,H2CO,formaldehyde,Pt,111,existing,C-O,1.21,,,,,,
H2O_Pt111_top,H2O,water,Pt,111,existing,,,,,,,,
H2S_Pt111_top,H2S,H2S,Pt,111,existing,S-H,1.34,,,,,,
HCN_Pt111_top,HCN,HCN,Pt,111,existing,C-N,1.16,,,,,,
N2_Pt111_top,N2,N2,Pt,111,existing,N-N,1.1,,,,,,
NH3_Pt111_top,NH3,ammonia,Pt,111,existing,,,,,,,,
NO_Pt111_fcc,NO,NO,Pt,111,existing,N-O,1.18,,,,,,
O_Pt111_fcc,O,atomicO,Pt,111,existing,,,,,,,,
OH_Pt111_top,OH,hydroxyl,Pt,111,existing,O-H,0.97,,,,,,
SO2_Pt111_top,SO2,SO2,Pt,111,existing,S-O,1.44,,,,,,
C2H2_Ag100,C2H2,acetylene,Ag,100,new,C-C,1.32,,,,,,
C2H4_Ag100,C2H4,ethylene,Ag,100,new,C-C,1.49,Ag100_ethylene.cif,,,,,
C2H6_Ag100,C2H6,ethane,Ag,100,new,C-C,1.53,Ag100_ethane.cif,,,,,
CH3_Ag100,CH3,methyl,Ag,100,new,C-H,1.09,Ag100_CH3.cif,,,,,
CH3CH2OH_Ag100,CH3CH2OH,ethanol,Ag,100,new,C-O,1.43,Ag100_ethanol.cif,,,,,
CH3CHO_Ag100,CH3CHO,acetaldehyde,Ag,100,new,C-O,1.22,Ag100_acetaldehyde.cif,,,,,
CH3COOH_Ag100,CH3COOH,acetic_acid,Ag,100,new,C-C,1.5,Ag100_acetic_acid.cif,,,,,
CH3O_Ag100,CH3O,methoxy,Ag,100,new,C-O,1.42,,,,,,
CH3OCH3_Ag100,CH3OCH3,DME,Ag,100,new,C-O,1.41,Ag100_DME.cif,,,,,
CH3OH_Ag100,CH3OH,methanol,Ag,100,new,C-O,1.43,Ag100_methanol.cif,,,,,
CH4_Ag100,CH4,methane,Ag,100,new,C-H,1.09,Ag100_CH4.cif,,,,,
CO_Ag100,CO,CO,Ag,100,new,C-O,1.15,Ag100_CO.cif,,,,,
CO2_Ag100,CO2,CO2,Ag,100,new,C-O,1.16,Ag100_CO2.cif,,,,,
H_Ag100,H,atomicH,Ag,100,new,,,,,,,,no gallery atomic structure - generate adatom if needed
H2CO_Ag100,H2CO,formaldehyde,Ag,100,new,C-O,1.21,Ag100_formaldehyde.cif,,,,,
H2O_Ag100,H2O,water,Ag,100,new,,,Ag100_H2O.cif,,,,,
H2S_Ag100,H2S,H2S,Ag,100,new,S-H,1.34,Ag100_H2S.cif,,,,,
HCN_Ag100,HCN,HCN,Ag,100,new,C-N,1.16,,,,,,
HCOOH_Ag100,HCOOH,formic_acid,Ag,100,new,,,Ag100_formic_acid.cif,,,,,
N2_Ag100,N2,N2,Ag,100,new,N-N,1.1,Ag100_N2.cif,,,,,
NH3_Ag100,NH3,ammonia,Ag,100,new,,,Ag100_NH3.cif,,,,,
NO_Ag100,NO,NO,Ag,100,new,N-O,1.18,Ag100_NO.cif,,,,,
O_Ag100,O,atomicO,Ag,100,new,,,,,,,,no gallery atomic structure - generate adatom if needed
OH_Ag100,OH,hydroxyl,Ag,100,new,O-H,0.97,,,,,,
SO2_Ag100,SO2,SO2,Ag,100,new,S-O,1.44,Ag100_SO2.cif,,,,,
C2H2_Ag110,C2H2,acetylene,Ag,110,new,C-C,1.32,,,,,,
C2H4_Ag110,C2H4,ethylene,Ag,110,new,C-C,1.49,Ag110_ethylene.cif,,,,,
C2H6_Ag110,C2H6,ethane,Ag,110,new,C-C,1.53,Ag110_ethane.cif,,,,,
CH3_Ag110,CH3,methyl,Ag,110,new,C-H,1.09,Ag110_CH3.cif,,,,,
CH3CH2OH_Ag110,CH3CH2OH,ethanol,Ag,110,new,C-O,1.43,Ag110_ethanol.cif,,,,,
CH3CHO_Ag110,CH3CHO,acetaldehyde,Ag,110,new,C-O,1.22,Ag110_acetaldehyde.cif,,,,,
CH3COOH_Ag110,CH3COOH,acetic_acid,Ag,110,new,C-C,1.5,Ag110_acetic_acid.cif,,,,,
CH3O_Ag110,CH3O,methoxy,Ag,110,new,C-O,1.42,,,,,,
CH3OCH3_Ag110,CH3OCH3,DME,Ag,110,new,C-O,1.41,Ag110_DME.cif,,,,,
CH3OH_Ag110,CH3OH,methanol,Ag,110,new,C-O,1.43,Ag110_methanol.cif,,,,,
CH4_Ag110,CH4,methane,Ag,110,new,C-H,1.09,Ag110_CH4.cif,,,,,
CO_Ag110,CO,CO,Ag,110,new,C-O,1.15,Ag110_CO.cif,,,,,
CO2_Ag110,CO2,CO2,Ag,110,new,C-O,1.16,Ag110_CO2.cif,,,,,
H_Ag110,H,atomicH,Ag,110,new,,,,,,,,no gallery atomic structure - generate adatom if needed
H2CO_Ag110,H2CO,formaldehyde,Ag,110,new,C-O,1.21,Ag110_formaldehyde.cif,,,,,
H2O_Ag110,H2O,water,Ag,110,new,,,Ag110_H2O.cif,,,,,
H2S_Ag110,H2S,H2S,Ag,110,new,S-H,1.34,Ag110_H2S.cif,,,,,
HCN_Ag110,HCN,HCN,Ag,110,new,C-N,1.16,,,,,,
HCOOH_Ag110,HCOOH,formic_acid,Ag,110,new,,,Ag110_formic_acid.cif,,,,,
N2_Ag110,N2,N2,Ag,110,new,N-N,1.1,Ag110_N2.cif,,,,,
NH3_Ag110,NH3,ammonia,Ag,110,new,,,Ag110_NH3.cif,,,,,
NO_Ag110,NO,NO,Ag,110,new,N-O,1.18,Ag110_NO.cif,,,,,
O_Ag110,O,atomicO,Ag,110,new,,,,,,,,no gallery atomic structure - generate adatom if needed
OH_Ag110,OH,hydroxyl,Ag,110,new,O-H,0.97,,,,,,
SO2_Ag110,SO2,SO2,Ag,110,new,S-O,1.44,Ag110_SO2.cif,,,,,
C2H2_Ag111,C2H2,acetylene,Ag,111,new,C-C,1.32,,,,,,
C2H4_Ag111,C2H4,ethylene,Ag,111,new,C-C,1.49,Ag111_ethylene.cif,,,,,
C2H6_Ag111,C2H6,ethane,Ag,111,new,C-C,1.53,Ag111_ethane.cif,,,,,
CH3_Ag111,CH3,methyl,Ag,111,new,C-H,1.09,Ag111_CH3.cif,,,,,
CH3CH2OH_Ag111,CH3CH2OH,ethanol,Ag,111,new,C-O,1.43,Ag111_ethanol.cif,,,,,
CH3CHO_Ag111,CH3CHO,acetaldehyde,Ag,111,new,C-O,1.22,Ag111_acetaldehyde.cif,,,,,
CH3COOH_Ag111,CH3COOH,acetic_acid,Ag,111,new,C-C,1.5,Ag111_acetic_acid.cif,,,,,
CH3O_Ag111,CH3O,methoxy,Ag,111,new,C-O,1.42,,,,,,
CH3OCH3_Ag111,CH3OCH3,DME,Ag,111,new,C-O,1.41,Ag111_DME.cif,,,,,
CH3OH_Ag111,CH3OH,methanol,Ag,111,new,C-O,1.43,Ag111_methanol.cif,,,,,
CH4_Ag111,CH4,methane,Ag,111,new,C-H,1.09,Ag111_CH4.cif,,,,,
CO_Ag111,CO,CO,Ag,111,new,C-O,1.15,Ag111_CO.cif,,,,,
CO2_Ag111,CO2,CO2,Ag,111,new,C-O,1.16,Ag111_CO2.cif,,,,,
H_Ag111,H,atomicH,Ag,111,new,,,,,,,,no gallery atomic structure - generate adatom if needed
H2CO_Ag111,H2CO,formaldehyde,Ag,111,new,C-O,1.21,Ag111_formaldehyde.cif,,,,,
H2O_Ag111,H2O,water,Ag,111,new,,,Ag111_H2O.cif,,,,,
H2S_Ag111,H2S,H2S,Ag,111,new,S-H,1.34,Ag111_H2S.cif,,,,,
HCN_Ag111,HCN,HCN,Ag,111,new,C-N,1.16,,,,,,
HCOOH_Ag111,HCOOH,formic_acid,Ag,111,new,,,Ag111_formic_acid.cif,,,,,
N2_Ag111,N2,N2,Ag,111,new,N-N,1.1,Ag111_N2.cif,,,,,
NH3_Ag111,NH3,ammonia,Ag,111,new,,,Ag111_NH3.cif,,,,,
NO_Ag111,NO,NO,Ag,111,new,N-O,1.18,Ag111_NO.cif,,,,,
O_Ag111,O,atomicO,Ag,111,new,,,,,,,,no gallery atomic structure - generate adatom if needed
OH_Ag111,OH,hydroxyl,Ag,111,new,O-H,0.97,,,,,,
SO2_Ag111,SO2,SO2,Ag,111,new,S-O,1.44,Ag111_SO2.cif,,,,,
C2H2_Au100,C2H2,acetylene,Au,100,new,C-C,1.32,,,,,,
C2H4_Au100,C2H4,ethylene,Au,100,new,C-C,1.49,Au100_ethylene.cif,,,,,
C2H6_Au100,C2H6,ethane,Au,100,new,C-C,1.53,Au100_ethane.cif,,,,,
CH3_Au100,CH3,methyl,Au,100,new,C-H,1.09,Au100_CH3.cif,,,,,
CH3CH2OH_Au100,CH3CH2OH,ethanol,Au,100,new,C-O,1.43,Au100_ethanol.cif,,,,,
CH3CHO_Au100,CH3CHO,acetaldehyde,Au,100,new,C-O,1.22,Au100_acetaldehyde.cif,,,,,
CH3COOH_Au100,CH3COOH,acetic_acid,Au,100,new,C-C,1.5,Au100_acetic_acid.cif,,,,,
CH3O_Au100,CH3O,methoxy,Au,100,new,C-O,1.42,,,,,,
CH3OCH3_Au100,CH3OCH3,DME,Au,100,new,C-O,1.41,Au100_DME.cif,,,,,
CH3OH_Au100,CH3OH,methanol,Au,100,new,C-O,1.43,Au100_methanol.cif,,,,,
CH4_Au100,CH4,methane,Au,100,new,C-H,1.09,Au100_CH4.cif,,,,,
CO_Au100,CO,CO,Au,100,new,C-O,1.15,Au100_CO.cif,,,,,
CO2_Au100,CO2,CO2,Au,100,new,C-O,1.16,Au100_CO2.cif,,,,,
H_Au100,H,atomicH,Au,100,new,,,,,,,,no gallery atomic structure - generate adatom if needed
H2CO_Au100,H2CO,formaldehyde,Au,100,new,C-O,1.21,Au100_formaldehyde.cif,,,,,
H2O_Au100,H2O,water,Au,100,new,,,Au100_H2O.cif,,,,,
H2S_Au100,H2S,H2S,Au,100,new,S-H,1.34,Au100_H2S.cif,,,,,
HCN_Au100,HCN,HCN,Au,100,new,C-N,1.16,,,,,,
HCOOH_Au100,HCOOH,formic_acid,Au,100,new,,,Au100_formic_acid.cif,,,,,
N2_Au100,N2,N2,Au,100,new,N-N,1.1,Au100_N2.cif,,,,,
NH3_Au100,NH3,ammonia,Au,100,new,,,Au100_NH3.cif,,,,,
NO_Au100,NO,NO,Au,100,new,N-O,1.18,Au100_NO.cif,,,,,
O_Au100,O,atomicO,Au,100,new,,,,,,,,no gallery atomic structure - generate adatom if needed
OH_Au100,OH,hydroxyl,Au,100,new,O-H,0.97,,,,,,
SO2_Au100,SO2,SO2,Au,100,new,S-O,1.44,Au100_SO2.cif,,,,,
C2H2_Au110,C2H2,acetylene,Au,110,new,C-C,1.32,,,,,,
C2H4_Au110,C2H4,ethylene,Au,110,new,C-C,1.49,Au110_ethylene.cif,,,,,
C2H6_Au110,C2H6,ethane,Au,110,new,C-C,1.53,Au110_ethane.cif,,,,,
CH3_Au110,CH3,methyl,Au,110,new,C-H,1.09,Au110_CH3.cif,,,,,
CH3CH2OH_Au110,CH3CH2OH,ethanol,Au,110,new,C-O,1.43,Au110_ethanol.cif,,,,,
CH3CHO_Au110,CH3CHO,acetaldehyde,Au,110,new,C-O,1.22,Au110_acetaldehyde.cif,,,,,
CH3COOH_Au110,CH3COOH,acetic_acid,Au,110,new,C-C,1.5,Au110_acetic_acid.cif,,,,,
CH3O_Au110,CH3O,methoxy,Au,110,new,C-O,1.42,,,,,,
CH3OCH3_Au110,CH3OCH3,DME,Au,110,new,C-O,1.41,Au110_DME.cif,,,,,
CH3OH_Au110,CH3OH,methanol,Au,110,new,C-O,1.43,Au110_methanol.cif,,,,,
CH4_Au110,CH4,methane,Au,110,new,C-H,1.09,Au110_CH4.cif,,,,,
CO_Au110,CO,CO,Au,110,new,C-O,1.15,Au110_CO.cif,,,,,
CO2_Au110,CO2,CO2,Au,110,new,C-O,1.16,Au110_CO2.cif,,,,,
H_Au110,H,atomicH,Au,110,new,,,,,,,,no gallery atomic structure - generate adatom if needed
H2CO_Au110,H2CO,formaldehyde,Au,110,new,C-O,1.21,Au110_formaldehyde.cif,,,,,
H2O_Au110,H2O,water,Au,110,new,,,Au110_H2O.cif,,,,,
H2S_Au110,H2S,H2S,Au,110,new,S-H,1.34,Au110_H2S.cif,,,,,
HCN_Au110,HCN,HCN,Au,110,new,C-N,1.16,,,,,,
HCOOH_Au110,HCOOH,formic_acid,Au,110,new,,,Au110_formic_acid.cif,,,,,
N2_Au110,N2,N2,Au,110,new,N-N,1.1,Au110_N2.cif,,,,,
NH3_Au110,NH3,ammonia,Au,110,new,,,Au110_NH3.cif,,,,,
NO_Au110,NO,NO,Au,110,new,N-O,1.18,Au110_NO.cif,,,,,
O_Au110,O,atomicO,Au,110,new,,,,,,,,no gallery atomic structure - generate adatom if needed
OH_Au110,OH,hydroxyl,Au,110,new,O-H,0.97,,,,,,
SO2_Au110,SO2,SO2,Au,110,new,S-O,1.44,Au110_SO2.cif,,,,,
C2H2_Au111,C2H2,acetylene,Au,111,new,C-C,1.32,,,,,,
C2H4_Au111,C2H4,ethylene,Au,111,new,C-C,1.49,Au111_ethylene.cif,,,,,
C2H6_Au111,C2H6,ethane,Au,111,new,C-C,1.53,Au111_ethane.cif,,,,,
CH3_Au111,CH3,methyl,Au,111,new,C-H,1.09,Au111_CH3.cif,,,,,
CH3CH2OH_Au111,CH3CH2OH,ethanol,Au,111,new,C-O,1.43,Au111_ethanol.cif,,,,,
CH3CHO_Au111,CH3CHO,acetaldehyde,Au,111,new,C-O,1.22,Au111_acetaldehyde.cif,,,,,
CH3COOH_Au111,CH3COOH,acetic_acid,Au,111,new,C-C,1.5,Au111_acetic_acid.cif,,,,,
CH3O_Au111,CH3O,methoxy,Au,111,new,C-O,1.42,,,,,,
CH3OCH3_Au111,CH3OCH3,DME,Au,111,new,C-O,1.41,Au111_DME.cif,,,,,
CH3OH_Au111,CH3OH,methanol,Au,111,new,C-O,1.43,Au111_methanol.cif,,,,,
CH4_Au111,CH4,methane,Au,111,new,C-H,1.09,Au111_CH4.cif,,,,,
CO_Au111,CO,CO,Au,111,new,C-O,1.15,Au111_CO.cif,,,,,
CO2_Au111,CO2,CO2,Au,111,new,C-O,1.16,Au111_CO2.cif,,,,,
H_Au111,H,atomicH,Au,111,new,,,,,,,,no gallery atomic structure - generate adatom if needed
H2CO_Au111,H2CO,formaldehyde,Au,111,new,C-O,1.21,Au111_formaldehyde.cif,,,,,
H2O_Au111,H2O,water,Au,111,new,,,Au111_H2O.cif,,,,,
H2S_Au111,H2S,H2S,Au,111,new,S-H,1.34,Au111_H2S.cif,,,,,
HCN_Au111,HCN,HCN,Au,111,new,C-N,1.16,,,,,,
HCOOH_Au111,HCOOH,formic_acid,Au,111,new,,,Au111_formic_acid.cif,,,,,
N2_Au111,N2,N2,Au,111,new,N-N,1.1,Au111_N2.cif,,,,,
NH3_Au111,NH3,ammonia,Au,111,new,,,Au111_NH3.cif,,,,,
NO_Au111,NO,NO,Au,111,new,N-O,1.18,Au111_NO.cif,,,,,
O_Au111,O,atomicO,Au,111,new,,,,,,,,no gallery atomic structure - generate adatom if needed
OH_Au111,OH,hydroxyl,Au,111,new,O-H,0.97,,,,,,
SO2_Au111,SO2,SO2,Au,111,new,S-O,1.44,Au111_SO2.cif,,,,,
C2H2_Ir100,C2H2,acetylene,Ir,100,new,C-C,1.32,,,,,,
C2H4_Ir100,C2H4,ethylene,Ir,100,new,C-C,1.49,Ir100_ethylene.cif,,,,,
C2H6_Ir100,C2H6,ethane,Ir,100,new,C-C,1.53,Ir100_ethane.cif,,,,,
CH3_Ir100,CH3,methyl,Ir,100,new,C-H,1.09,Ir100_CH3_sevennet_omni.cif,,,,,
CH3CH2OH_Ir100,CH3CH2OH,ethanol,Ir,100,new,C-O,1.43,Ir100_ethanol.cif,,,,,
CH3CHO_Ir100,CH3CHO,acetaldehyde,Ir,100,new,C-O,1.22,Ir100_acetaldehyde.cif,,,,,
CH3COOH_Ir100,CH3COOH,acetic_acid,Ir,100,new,C-C,1.5,Ir100_acetic_acid.cif,,,,,
CH3O_Ir100,CH3O,methoxy,Ir,100,new,C-O,1.42,,,,,,
CH3OCH3_Ir100,CH3OCH3,DME,Ir,100,new,C-O,1.41,Ir100_DME.cif,,,,,
CH3OH_Ir100,CH3OH,methanol,Ir,100,new,C-O,1.43,Ir100_methanol.cif,,,,,
CH4_Ir100,CH4,methane,Ir,100,new,C-H,1.09,Ir100_CH4_sevennet_omni.cif,,,,,
CO_Ir100,CO,CO,Ir,100,new,C-O,1.15,Ir100_CO.cif,,,,,
CO2_Ir100,CO2,CO2,Ir,100,new,C-O,1.16,Ir100_CO2.cif,,,,,
H_Ir100,H,atomicH,Ir,100,new,,,,,,,,no gallery atomic structure - generate adatom if needed
H2CO_Ir100,H2CO,formaldehyde,Ir,100,new,C-O,1.21,Ir100_formaldehyde_sevennet_omni.cif,,,,,
H2O_Ir100,H2O,water,Ir,100,new,,,Ir100_H2O.cif,,,,,
H2S_Ir100,H2S,H2S,Ir,100,new,S-H,1.34,Ir100_H2S_sevennet_omni.cif,,,,,
HCN_Ir100,HCN,HCN,Ir,100,new,C-N,1.16,,,,,,
HCOOH_Ir100,HCOOH,formic_acid,Ir,100,new,,,Ir100_formic_acid.cif,,,,,
N2_Ir100,N2,N2,Ir,100,new,N-N,1.1,Ir100_N2_sevennet_omni.cif,,,,,
NH3_Ir100,NH3,ammonia,Ir,100,new,,,Ir100_NH3_sevennet_omni.cif,,,,,
NO_Ir100,NO,NO,Ir,100,new,N-O,1.18,Ir100_NO_sevennet_omni.cif,,,,,
O_Ir100,O,atomicO,Ir,100,new,,,,,,,,no gallery atomic structure - generate adatom if needed
OH_Ir100,OH,hydroxyl,Ir,100,new,O-H,0.97,,,,,,
SO2_Ir100,SO2,SO2,Ir,100,new,S-O,1.44,Ir100_SO2_sevennet_omni.cif,,,,,
C2H2_Ir110,C2H2,acetylene,Ir,110,new,C-C,1.32,,,,,,
C2H4_Ir110,C2H4,ethylene,Ir,110,new,C-C,1.49,Ir110_ethylene.cif,,,,,
C2H6_Ir110,C2H6,ethane,Ir,110,new,C-C,1.53,Ir110_ethane.cif,,,,,
CH3_Ir110,CH3,methyl,Ir,110,new,C-H,1.09,Ir110_CH3_sevennet_omni.cif,,,,,
CH3CH2OH_Ir110,CH3CH2OH,ethanol,Ir,110,new,C-O,1.43,Ir110_ethanol.cif,,,,,
CH3CHO_Ir110,CH3CHO,acetaldehyde,Ir,110,new,C-O,1.22,Ir110_acetaldehyde.cif,,,,,
CH3COOH_Ir110,CH3COOH,acetic_acid,Ir,110,new,C-C,1.5,Ir110_acetic_acid.cif,,,,,
CH3O_Ir110,CH3O,methoxy,Ir,110,new,C-O,1.42,,,,,,
CH3OCH3_Ir110,CH3OCH3,DME,Ir,110,new,C-O,1.41,Ir110_DME.cif,,,,,
CH3OH_Ir110,CH3OH,methanol,Ir,110,new,C-O,1.43,Ir110_methanol_sevennet_omni.cif,,,,,
CH4_Ir110,CH4,methane,Ir,110,new,C-H,1.09,Ir110_CH4_sevennet_omni.cif,,,,,
CO_Ir110,CO,CO,Ir,110,new,C-O,1.15,Ir110_CO.cif,,,,,
CO2_Ir110,CO2,CO2,Ir,110,new,C-O,1.16,Ir110_CO2.cif,,,,,
H_Ir110,H,atomicH,Ir,110,new,,,,,,,,no gallery atomic structure - generate adatom if needed
H2CO_Ir110,H2CO,formaldehyde,Ir,110,new,C-O,1.21,Ir110_formaldehyde_sevennet_omni.cif,,,,,
H2O_Ir110,H2O,water,Ir,110,new,,,Ir110_H2O.cif,,,,,
H2S_Ir110,H2S,H2S,Ir,110,new,S-H,1.34,Ir110_H2S_sevennet_omni.cif,,,,,
HCN_Ir110,HCN,HCN,Ir,110,new,C-N,1.16,,,,,,
HCOOH_Ir110,HCOOH,formic_acid,Ir,110,new,,,Ir110_formic_acid_sevennet_omni.cif,,,,,
N2_Ir110,N2,N2,Ir,110,new,N-N,1.1,Ir110_N2_sevennet_omni.cif,,,,,
NH3_Ir110,NH3,ammonia,Ir,110,new,,,Ir110_NH3_sevennet_omni.cif,,,,,
NO_Ir110,NO,NO,Ir,110,new,N-O,1.18,Ir110_NO_sevennet_omni.cif,,,,,
O_Ir110,O,atomicO,Ir,110,new,,,,,,,,no gallery atomic structure - generate adatom if needed
OH_Ir110,OH,hydroxyl,Ir,110,new,O-H,0.97,,,,,,
SO2_Ir110,SO2,SO2,Ir,110,new,S-O,1.44,Ir110_SO2_sevennet_omni.cif,,,,,
C2H2_Ir111,C2H2,acetylene,Ir,111,new,C-C,1.32,,,,,,
C2H4_Ir111,C2H4,ethylene,Ir,111,new,C-C,1.49,Ir111_ethylene_sevennet_omni.cif,,,,,
C2H6_Ir111,C2H6,ethane,Ir,111,new,C-C,1.53,Ir111_ethane_sevennet_omni.cif,,,,,
CH3_Ir111,CH3,methyl,Ir,111,new,C-H,1.09,Ir111_CH3_sevennet_omni.cif,,,,,
CH3CH2OH_Ir111,CH3CH2OH,ethanol,Ir,111,new,C-O,1.43,Ir111_ethanol_sevennet_omni.cif,,,,,
CH3CHO_Ir111,CH3CHO,acetaldehyde,Ir,111,new,C-O,1.22,Ir111_acetaldehyde_sevennet_omni.cif,,,,,
CH3COOH_Ir111,CH3COOH,acetic_acid,Ir,111,new,C-C,1.5,Ir111_acetic_acid_sevennet_omni.cif,,,,,
CH3O_Ir111,CH3O,methoxy,Ir,111,new,C-O,1.42,,,,,,
CH3OCH3_Ir111,CH3OCH3,DME,Ir,111,new,C-O,1.41,Ir111_DME_sevennet_omni.cif,,,,,
CH3OH_Ir111,CH3OH,methanol,Ir,111,new,C-O,1.43,Ir111_methanol_sevennet_omni.cif,,,,,
CH4_Ir111,CH4,methane,Ir,111,new,C-H,1.09,Ir111_CH4_sevennet_omni.cif,,,,,
CO_Ir111,CO,CO,Ir,111,new,C-O,1.15,Ir111_CO_sevennet_omni.cif,,,,,
CO2_Ir111,CO2,CO2,Ir,111,new,C-O,1.16,Ir111_CO2_sevennet_omni.cif,,,,,
H_Ir111,H,atomicH,Ir,111,new,,,,,,,,no gallery atomic structure - generate adatom if needed
H2CO_Ir111,H2CO,formaldehyde,Ir,111,new,C-O,1.21,Ir111_formaldehyde_sevennet_omni.cif,,,,,
H2O_Ir111,H2O,water,Ir,111,new,,,Ir111_H2O_sevennet_omni.cif,,,,,
H2S_Ir111,H2S,H2S,Ir,111,new,S-H,1.34,Ir111_H2S_sevennet_omni.cif,,,,,
HCN_Ir111,HCN,HCN,Ir,111,new,C-N,1.16,,,,,,
HCOOH_Ir111,HCOOH,formic_acid,Ir,111,new,,,Ir111_formic_acid_sevennet_omni.cif,,,,,
N2_Ir111,N2,N2,Ir,111,new,N-N,1.1,Ir111_N2_sevennet_omni.cif,,,,,
NH3_Ir111,NH3,ammonia,Ir,111,new,,,Ir111_NH3_sevennet_omni.cif,,,,,
NO_Ir111,NO,NO,Ir,111,new,N-O,1.18,Ir111_NO_sevennet_omni.cif,,,,,
O_Ir111,O,atomicO,Ir,111,new,,,,,,,,no gallery atomic structure - generate adatom if needed
OH_Ir111,OH,hydroxyl,Ir,111,new,O-H,0.97,,,,,,
SO2_Ir111,SO2,SO2,Ir,111,new,S-O,1.44,Ir111_SO2_sevennet_omni.cif,,,,,
C2H2_Rh100,C2H2,acetylene,Rh,100,new,C-C,1.32,,,,,,
C2H4_Rh100,C2H4,ethylene,Rh,100,new,C-C,1.49,Rh100_ethylene_sevennet_omni.cif,,,,,
C2H6_Rh100,C2H6,ethane,Rh,100,new,C-C,1.53,Rh100_ethane_sevennet_omni.cif,,,,,
CH3_Rh100,CH3,methyl,Rh,100,new,C-H,1.09,Rh100_CH3_sevennet_omni.cif,,,,,
CH3CH2OH_Rh100,CH3CH2OH,ethanol,Rh,100,new,C-O,1.43,Rh100_ethanol_sevennet_omni.cif,,,,,
CH3CHO_Rh100,CH3CHO,acetaldehyde,Rh,100,new,C-O,1.22,Rh100_acetaldehyde_sevennet_omni.cif,,,,,
CH3COOH_Rh100,CH3COOH,acetic_acid,Rh,100,new,C-C,1.5,Rh100_acetic_acid_sevennet_omni.cif,,,,,
CH3O_Rh100,CH3O,methoxy,Rh,100,new,C-O,1.42,,,,,,
CH3OCH3_Rh100,CH3OCH3,DME,Rh,100,new,C-O,1.41,Rh100_DME_sevennet_omni.cif,,,,,
CH3OH_Rh100,CH3OH,methanol,Rh,100,new,C-O,1.43,Rh100_methanol_sevennet_omni.cif,,,,,
CH4_Rh100,CH4,methane,Rh,100,new,C-H,1.09,Rh100_CH4_sevennet_omni.cif,,,,,
CO_Rh100,CO,CO,Rh,100,new,C-O,1.15,Rh100_CO_sevennet_omni.cif,,,,,
CO2_Rh100,CO2,CO2,Rh,100,new,C-O,1.16,Rh100_CO2_sevennet_omni.cif,,,,,
H_Rh100,H,atomicH,Rh,100,new,,,,,,,,no gallery atomic structure - generate adatom if needed
H2CO_Rh100,H2CO,formaldehyde,Rh,100,new,C-O,1.21,Rh100_formaldehyde_sevennet_omni.cif,,,,,
H2O_Rh100,H2O,water,Rh,100,new,,,Rh100_H2O_sevennet_omni.cif,,,,,
H2S_Rh100,H2S,H2S,Rh,100,new,S-H,1.34,Rh100_H2S_sevennet_omni.cif,,,,,
HCN_Rh100,HCN,HCN,Rh,100,new,C-N,1.16,,,,,,
HCOOH_Rh100,HCOOH,formic_acid,Rh,100,new,,,Rh100_formic_acid_sevennet_omni.cif,,,,,
N2_Rh100,N2,N2,Rh,100,new,N-N,1.1,Rh100_N2_sevennet_omni.cif,,,,,
NH3_Rh100,NH3,ammonia,Rh,100,new,,,Rh100_NH3_sevennet_omni.cif,,,,,
NO_Rh100,NO,NO,Rh,100,new,N-O,1.18,Rh100_NO_sevennet_omni.cif,,,,,
O_Rh100,O,atomicO,Rh,100,new,,,,,,,,no gallery atomic structure - generate adatom if needed
OH_Rh100,OH,hydroxyl,Rh,100,new,O-H,0.97,,,,,,
SO2_Rh100,SO2,SO2,Rh,100,new,S-O,1.44,Rh100_SO2_sevennet_omni.cif,,,,,
C2H2_Rh110,C2H2,acetylene,Rh,110,new,C-C,1.32,,,,,,
C2H4_Rh110,C2H4,ethylene,Rh,110,new,C-C,1.49,Rh110_ethylene_sevennet_omni.cif,,,,,
C2H6_Rh110,C2H6,ethane,Rh,110,new,C-C,1.53,Rh110_ethane_sevennet_omni.cif,,,,,
CH3_Rh110,CH3,methyl,Rh,110,new,C-H,1.09,Rh110_CH3_sevennet_omni.cif,,,,,
CH3CH2OH_Rh110,CH3CH2OH,ethanol,Rh,110,new,C-O,1.43,Rh110_ethanol_sevennet_omni.cif,,,,,
CH3CHO_Rh110,CH3CHO,acetaldehyde,Rh,110,new,C-O,1.22,Rh110_acetaldehyde_sevennet_omni.cif,,,,,
CH3COOH_Rh110,CH3COOH,acetic_acid,Rh,110,new,C-C,1.5,Rh110_acetic_acid_sevennet_omni.cif,,,,,
CH3O_Rh110,CH3O,methoxy,Rh,110,new,C-O,1.42,,,,,,
CH3OCH3_Rh110,CH3OCH3,DME,Rh,110,new,C-O,1.41,Rh110_DME_sevennet_omni.cif,,,,,
CH3OH_Rh110,CH3OH,methanol,Rh,110,new,C-O,1.43,Rh110_methanol_sevennet_omni.cif,,,,,
CH4_Rh110,CH4,methane,Rh,110,new,C-H,1.09,Rh110_CH4_sevennet_omni.cif,,,,,
CO_Rh110,CO,CO,Rh,110,new,C-O,1.15,Rh110_CO_sevennet_omni.cif,,,,,
CO2_Rh110,CO2,CO2,Rh,110,new,C-O,1.16,Rh110_CO2_sevennet_omni.cif,,,,,
H_Rh110,H,atomicH,Rh,110,new,,,,,,,,no gallery atomic structure - generate adatom if needed
H2CO_Rh110,H2CO,formaldehyde,Rh,110,new,C-O,1.21,Rh110_formaldehyde_sevennet_omni.cif,,,,,
H2O_Rh110,H2O,water,Rh,110,new,,,Rh110_H2O_sevennet_omni.cif,,,,,
H2S_Rh110,H2S,H2S,Rh,110,new,S-H,1.34,Rh110_H2S_sevennet_omni.cif,,,,,
HCN_Rh110,HCN,HCN,Rh,110,new,C-N,1.16,,,,,,
HCOOH_Rh110,HCOOH,formic_acid,Rh,110,new,,,Rh110_formic_acid_sevennet_omni.cif,,,,,
N2_Rh110,N2,N2,Rh,110,new,N-N,1.1,Rh110_N2_sevennet_omni.cif,,,,,
NH3_Rh110,NH3,ammonia,Rh,110,new,,,Rh110_NH3_sevennet_omni.cif,,,,,
NO_Rh110,NO,NO,Rh,110,new,N-O,1.18,Rh110_NO_sevennet_omni.cif,,,,,
O_Rh110,O,atomicO,Rh,110,new,,,,,,,,no gallery atomic structure - generate adatom if needed
OH_Rh110,OH,hydroxyl,Rh,110,new,O-H,0.97,,,,,,
SO2_Rh110,SO2,SO2,Rh,110,new,S-O,1.44,Rh110_SO2_sevennet_omni.cif,,,,,
C2H2_Rh111,C2H2,acetylene,Rh,111,new,C-C,1.32,,,,,,
C2H4_Rh111,C2H4,ethylene,Rh,111,new,C-C,1.49,Rh111_ethylene_sevennet_omni.cif,,,,,
C2H6_Rh111,C2H6,ethane,Rh,111,new,C-C,1.53,Rh111_ethane_sevennet_omni.cif,,,,,
CH3_Rh111,CH3,methyl,Rh,111,new,C-H,1.09,Rh111_CH3_sevennet_omni.cif,,,,,
CH3CH2OH_Rh111,CH3CH2OH,ethanol,Rh,111,new,C-O,1.43,Rh111_ethanol_sevennet_omni.cif,,,,,
CH3CHO_Rh111,CH3CHO,acetaldehyde,Rh,111,new,C-O,1.22,Rh111_acetaldehyde_sevennet_omni.cif,,,,,
CH3COOH_Rh111,CH3COOH,acetic_acid,Rh,111,new,C-C,1.5,Rh111_acetic_acid_sevennet_omni.cif,,,,,
CH3O_Rh111,CH3O,methoxy,Rh,111,new,C-O,1.42,,,,,,
CH3OCH3_Rh111,CH3OCH3,DME,Rh,111,new,C-O,1.41,Rh111_DME_sevennet_omni.cif,,,,,
CH3OH_Rh111,CH3OH,methanol,Rh,111,new,C-O,1.43,,,,,,
CH4_Rh111,CH4,methane,Rh,111,new,C-H,1.09,Rh111_CH4_sevennet_omni.cif,,,,,
CO_Rh111,CO,CO,Rh,111,new,C-O,1.15,Rh111_CO_sevennet_omni.cif,,,,,
CO2_Rh111,CO2,CO2,Rh,111,new,C-O,1.16,Rh111_CO2_sevennet_omni.cif,,,,,
H_Rh111,H,atomicH,Rh,111,new,,,,,,,,no gallery atomic structure - generate adatom if needed
H2CO_Rh111,H2CO,formaldehyde,Rh,111,new,C-O,1.21,Rh111_formaldehyde_sevennet_omni.cif,,,,,
H2O_Rh111,H2O,water,Rh,111,new,,,Rh111_H2O_sevennet_omni.cif,,,,,
H2S_Rh111,H2S,H2S,Rh,111,new,S-H,1.34,Rh111_H2S_sevennet_omni.cif,,,,,
HCN_Rh111,HCN,HCN,Rh,111,new,C-N,1.16,,,,,,
HCOOH_Rh111,HCOOH,formic_acid,Rh,111,new,,,Rh111_formic_acid_sevennet_omni.cif,,,,,
N2_Rh111,N2,N2,Rh,111,new,N-N,1.1,Rh111_N2_sevennet_omni.cif,,,,,
NH3_Rh111,NH3,ammonia,Rh,111,new,,,Rh111_NH3_sevennet_omni.cif,,,,,
NO_Rh111,NO,NO,Rh,111,new,N-O,1.18,Rh111_NO_sevennet_omni.cif,,,,,
O_Rh111,O,atomicO,Rh,111,new,,,,,,,,no gallery atomic structure - generate adatom if needed
OH_Rh111,OH,hydroxyl,Rh,111,new,O-H,0.97,,,,,,
SO2_Rh111,SO2,SO2,Rh,111,new,S-O,1.44,Rh111_SO2_sevennet_omni.cif,,,,,
HCO_Ag100,HCO,formyl,Ag,100,deoxy,C=O,1.18,Ag100_HCO_sevennet_omni.cif,,,,,
HCO_Ag110,HCO,formyl,Ag,110,deoxy,C=O,1.18,Ag110_HCO_sevennet_omni.cif,,,,,
HCO_Ag111,HCO,formyl,Ag,111,deoxy,C=O,1.18,Ag111_HCO_sevennet_omni.cif,,,,,
HCO_Au100,HCO,formyl,Au,100,deoxy,C=O,1.18,Au100_HCO.cif,,,,,
HCO_Au110,HCO,formyl,Au,110,deoxy,C=O,1.18,Au110_HCO.cif,,,,,
HCO_Au111,HCO,formyl,Au,111,deoxy,C=O,1.18,Au111_HCO_sevennet_omni.cif,,,,,
HCO_Cu100,HCO,formyl,Cu,100,deoxy,C=O,1.18,Cu100_HCO_sevennet_omni.cif,,,,,
HCO_Cu110,HCO,formyl,Cu,110,deoxy,C=O,1.18,Cu110_HCO_sevennet_omni.cif,,,,,
HCO_Cu111,HCO,formyl,Cu,111,deoxy,C=O,1.18,Cu111_HCO_sevennet_omni.cif,,,,,
HCO_Ir100,HCO,formyl,Ir,100,deoxy,C=O,1.18,Ir100_HCO_sevennet_omni.cif,,,,,
HCO_Ir110,HCO,formyl,Ir,110,deoxy,C=O,1.18,Ir110_HCO_sevennet_omni.cif,,,,,
HCO_Ir111,HCO,formyl,Ir,111,deoxy,C=O,1.18,Ir111_HCO_sevennet_omni.cif,,,,,
HCO_Pd100,HCO,formyl,Pd,100,deoxy,C=O,1.18,Pd100_HCO_sevennet_omni.cif,,,,,
HCO_Pd110,HCO,formyl,Pd,110,deoxy,C=O,1.18,Pd110_HCO_sevennet_omni.cif,,,,,
HCO_Pd111,HCO,formyl,Pd,111,deoxy,C=O,1.18,Pd111_HCO_sevennet_omni.cif,,,,,
HCO_Pt100,HCO,formyl,Pt,100,deoxy,C=O,1.18,Pt100_HCO_sevennet_omni.cif,,,,,
HCO_Pt110,HCO,formyl,Pt,110,deoxy,C=O,1.18,Pt110_HCO_sevennet_omni.cif,,,,,
HCO_Pt111,HCO,formyl,Pt,111,deoxy,C=O,1.18,Pt111_HCO_sevennet_omni.cif,,,,,
HCO_Rh100,HCO,formyl,Rh,100,deoxy,C=O,1.18,Rh100_HCO_sevennet_omni.cif,,,,,
HCO_Rh110,HCO,formyl,Rh,110,deoxy,C=O,1.18,Rh110_HCO_sevennet_omni.cif,,,,,
HCO_Rh111,HCO,formyl,Rh,111,deoxy,C=O,1.18,Rh111_HCO_sevennet_omni.cif,,,,,
formate_Ag100,formate,formate,Ag,100,deoxy,C-O,1.25,Ag100_formate_sevennet_omni.cif,,,,,
formate_Ag110,formate,formate,Ag,110,deoxy,C-O,1.25,Ag110_formate_sevennet_omni.cif,,,,,
formate_Ag111,formate,formate,Ag,111,deoxy,C-O,1.25,Ag111_formate_sevennet_omni.cif,,,,,
formate_Au100,formate,formate,Au,100,deoxy,C-O,1.25,Au100_formate_sevennet_omni.cif,,,,,
formate_Au110,formate,formate,Au,110,deoxy,C-O,1.25,Au110_formate_sevennet_omni.cif,,,,,
formate_Au111,formate,formate,Au,111,deoxy,C-O,1.25,Au111_formate_sevennet_omni.cif,,,,,
formate_Cu100,formate,formate,Cu,100,deoxy,C-O,1.25,Cu100_formate_sevennet_omni.cif,,,,,
formate_Cu110,formate,formate,Cu,110,deoxy,C-O,1.25,Cu110_formate_sevennet_omni.cif,,,,,
formate_Cu111,formate,formate,Cu,111,deoxy,C-O,1.25,Cu111_formate_sevennet_omni.cif,,,,,
formate_Ir100,formate,formate,Ir,100,deoxy,C-O,1.25,Ir100_formate_sevennet_omni.cif,,,,,
formate_Ir110,formate,formate,Ir,110,deoxy,C-O,1.25,Ir110_formate_sevennet_omni.cif,,,,,
formate_Ir111,formate,formate,Ir,111,deoxy,C-O,1.25,Ir111_formate_sevennet_omni.cif,,,,,
formate_Pd100,formate,formate,Pd,100,deoxy,C-O,1.25,Pd100_formate_sevennet_omni.cif,,,,,
formate_Pd110,formate,formate,Pd,110,deoxy,C-O,1.25,Pd110_formate_sevennet_omni.cif,,,,,
formate_Pd111,formate,formate,Pd,111,deoxy,C-O,1.25,Pd111_formate_sevennet_omni.cif,,,,,
formate_Pt100,formate,formate,Pt,100,deoxy,C-O,1.25,Pt100_formate_sevennet_omni.cif,,,,,
formate_Pt110,formate,formate,Pt,110,deoxy,C-O,1.25,Pt110_formate_sevennet_omni.cif,,,,,
formate_Pt111,formate,formate,Pt,111,deoxy,C-O,1.25,Pt111_formate_sevennet_omni.cif,,,,,
formate_Rh100,formate,formate,Rh,100,deoxy,C-O,1.25,Rh100_formate_sevennet_omni.cif,,,,,
formate_Rh110,formate,formate,Rh,110,deoxy,C-O,1.25,Rh110_formate_sevennet_omni.cif,,,,,
formate_Rh111,formate,formate,Rh,111,deoxy,C-O,1.25,Rh111_formate_sevennet_omni.cif,,,,,
CH2_Ag100,CH2,methylene,Ag,100,deoxy,C-H,1.08,Ag100_CH2_sevennet_omni.cif,,,,,
CH2_Ag110,CH2,methylene,Ag,110,deoxy,C-H,1.08,Ag110_CH2_sevennet_omni.cif,,,,,
CH2_Ag111,CH2,methylene,Ag,111,deoxy,C-H,1.08,Ag111_CH2_sevennet_omni.cif,,,,,
CH2_Au100,CH2,methylene,Au,100,deoxy,C-H,1.08,Au100_CH2_sevennet_omni.cif,,,,,
CH2_Au110,CH2,methylene,Au,110,deoxy,C-H,1.08,Au110_CH2_sevennet_omni.cif,,,,,
CH2_Au111,CH2,methylene,Au,111,deoxy,C-H,1.08,Au111_CH2_sevennet_omni.cif,,,,,
CH2_Cu100,CH2,methylene,Cu,100,deoxy,C-H,1.08,Cu100_CH2_sevennet_omni.cif,,,,,
CH2_Cu110,CH2,methylene,Cu,110,deoxy,C-H,1.08,Cu110_CH2_sevennet_omni.cif,,,,,
CH2_Cu111,CH2,methylene,Cu,111,deoxy,C-H,1.08,Cu111_CH2_sevennet_omni.cif,,,,,
CH2_Ir100,CH2,methylene,Ir,100,deoxy,C-H,1.08,Ir100_CH2_sevennet_omni.cif,,,,,
CH2_Ir110,CH2,methylene,Ir,110,deoxy,C-H,1.08,Ir110_CH2_sevennet_omni.cif,,,,,
CH2_Ir111,CH2,methylene,Ir,111,deoxy,C-H,1.08,Ir111_CH2_sevennet_omni.cif,,,,,
CH2_Pd100,CH2,methylene,Pd,100,deoxy,C-H,1.08,Pd100_CH2_sevennet_omni.cif,,,,,
CH2_Pd110,CH2,methylene,Pd,110,deoxy,C-H,1.08,Pd110_CH2_sevennet_omni.cif,,,,,
CH2_Pd111,CH2,methylene,Pd,111,deoxy,C-H,1.08,Pd111_CH2_sevennet_omni.cif,,,,,
CH2_Pt100,CH2,methylene,Pt,100,deoxy,C-H,1.08,Pt100_CH2_sevennet_omni.cif,,,,,
CH2_Pt110,CH2,methylene,Pt,110,deoxy,C-H,1.08,Pt110_CH2_sevennet_omni.cif,,,,,
CH2_Pt111,CH2,methylene,Pt,111,deoxy,C-H,1.08,Pt111_CH2_sevennet_omni.cif,,,,,
CH2_Rh100,CH2,methylene,Rh,100,deoxy,C-H,1.08,Rh100_CH2_sevennet_omni.cif,,,,,
CH2_Rh110,CH2,methylene,Rh,110,deoxy,C-H,1.08,Rh110_CH2_sevennet_omni.cif,,,,,
CH2_Rh111,CH2,methylene,Rh,111,deoxy,C-H,1.08,Rh111_CH2_sevennet_omni.cif,,,,,
H2_Ag100,H2,hydrogen,Ag,100,deoxy,H-H,0.74,Ag100_H2_sevennet_omni.cif,,,,,
H2_Ag110,H2,hydrogen,Ag,110,deoxy,H-H,0.74,Ag110_H2_sevennet_omni.cif,,,,,
H2_Ag111,H2,hydrogen,Ag,111,deoxy,H-H,0.74,Ag111_H2_sevennet_omni.cif,,,,,
H2_Au100,H2,hydrogen,Au,100,deoxy,H-H,0.74,Au100_H2_sevennet_omni.cif,,,,,
H2_Au110,H2,hydrogen,Au,110,deoxy,H-H,0.74,Au110_H2.cif,,,,,
H2_Au111,H2,hydrogen,Au,111,deoxy,H-H,0.74,Au111_H2_sevennet_omni.cif,,,,,
H2_Cu100,H2,hydrogen,Cu,100,deoxy,H-H,0.74,Cu100_H2_sevennet_omni.cif,,,,,
H2_Cu110,H2,hydrogen,Cu,110,deoxy,H-H,0.74,Cu110_H2_sevennet_omni.cif,,,,,
H2_Cu111,H2,hydrogen,Cu,111,deoxy,H-H,0.74,Cu111_H2_sevennet_omni.cif,,,,,
H2_Ir100,H2,hydrogen,Ir,100,deoxy,H-H,0.74,Ir100_H2_sevennet_omni.cif,,,,,
H2_Ir110,H2,hydrogen,Ir,110,deoxy,H-H,0.74,Ir110_H2_sevennet_omni.cif,,,,,
H2_Ir111,H2,hydrogen,Ir,111,deoxy,H-H,0.74,Ir111_H2_sevennet_omni.cif,,,,,
H2_Pd100,H2,hydrogen,Pd,100,deoxy,H-H,0.74,Pd100_H2_sevennet_omni.cif,,,,,
H2_Pd110,H2,hydrogen,Pd,110,deoxy,H-H,0.74,Pd110_H2_sevennet_omni.cif,,,,,
H2_Pd111,H2,hydrogen,Pd,111,deoxy,H-H,0.74,Pd111_H2_sevennet_omni.cif,,,,,
H2_Pt100,H2,hydrogen,Pt,100,deoxy,H-H,0.74,Pt100_H2_sevennet_omni.cif,,,,,
H2_Pt110,H2,hydrogen,Pt,110,deoxy,H-H,0.74,Pt110_H2_sevennet_omni.cif,,,,,
H2_Pt111,H2,hydrogen,Pt,111,deoxy,H-H,0.74,Pt111_H2_sevennet_omni.cif,,,,,
H2_Rh100,H2,hydrogen,Rh,100,deoxy,H-H,0.74,Rh100_H2_sevennet_omni.cif,,,,,
H2_Rh110,H2,hydrogen,Rh,110,deoxy,H-H,0.74,Rh110_H2_sevennet_omni.cif,,,,,
H2_Rh111,H2,hydrogen,Rh,111,deoxy,H-H,0.74,Rh111_H2_sevennet_omni.cif,,,,,
glyoxal_Ag100,glyoxal,glyoxal,Ag,100,deoxy,C=O,1.21,Ag100_glyoxal_sevennet_omni.cif,,,,,
glyoxal_Ag110,glyoxal,glyoxal,Ag,110,deoxy,C=O,1.21,Ag110_glyoxal_sevennet_omni.cif,,,,,
glyoxal_Ag111,glyoxal,glyoxal,Ag,111,deoxy,C=O,1.21,Ag111_glyoxal_sevennet_omni.cif,,,,,
glyoxal_Au100,glyoxal,glyoxal,Au,100,deoxy,C=O,1.21,Au100_glyoxal_sevennet_omni.cif,,,,,
glyoxal_Au110,glyoxal,glyoxal,Au,110,deoxy,C=O,1.21,Au110_glyoxal_sevennet_omni.cif,,,,,
glyoxal_Au111,glyoxal,glyoxal,Au,111,deoxy,C=O,1.21,Au111_glyoxal_sevennet_omni.cif,,,,,
glyoxal_Cu100,glyoxal,glyoxal,Cu,100,deoxy,C=O,1.21,Cu100_glyoxal_sevennet_omni.cif,,,,,
glyoxal_Cu110,glyoxal,glyoxal,Cu,110,deoxy,C=O,1.21,Cu110_glyoxal_sevennet_omni.cif,,,,,
glyoxal_Cu111,glyoxal,glyoxal,Cu,111,deoxy,C=O,1.21,Cu111_glyoxal_sevennet_omni.cif,,,,,
glyoxal_Ir100,glyoxal,glyoxal,Ir,100,deoxy,C=O,1.21,Ir100_glyoxal_sevennet_omni.cif,,,,,
glyoxal_Ir110,glyoxal,glyoxal,Ir,110,deoxy,C=O,1.21,Ir110_glyoxal_sevennet_omni.cif,,,,,
glyoxal_Ir111,glyoxal,glyoxal,Ir,111,deoxy,C=O,1.21,Ir111_glyoxal_sevennet_omni.cif,,,,,
glyoxal_Pd100,glyoxal,glyoxal,Pd,100,deoxy,C=O,1.21,Pd100_glyoxal_sevennet_omni.cif,,,,,
glyoxal_Pd110,glyoxal,glyoxal,Pd,110,deoxy,C=O,1.21,Pd110_glyoxal_sevennet_omni.cif,,,,,
glyoxal_Pd111,glyoxal,glyoxal,Pd,111,deoxy,C=O,1.21,Pd111_glyoxal_sevennet_omni.cif,,,,,
glyoxal_Pt100,glyoxal,glyoxal,Pt,100,deoxy,C=O,1.21,Pt100_glyoxal_sevennet_omni.cif,,,,,
glyoxal_Pt110,glyoxal,glyoxal,Pt,110,deoxy,C=O,1.21,Pt110_glyoxal_sevennet_omni.cif,,,,,
glyoxal_Pt111,glyoxal,glyoxal,Pt,111,deoxy,C=O,1.21,Pt111_glyoxal_sevennet_omni.cif,,,,,
glyoxal_Rh100,glyoxal,glyoxal,Rh,100,deoxy,C=O,1.21,Rh100_glyoxal_sevennet_omni.cif,,,,,
glyoxal_Rh110,glyoxal,glyoxal,Rh,110,deoxy,C=O,1.21,Rh110_glyoxal_sevennet_omni.cif,,,,,
glyoxal_Rh111,glyoxal,glyoxal,Rh,111,deoxy,C=O,1.21,Rh111_glyoxal_sevennet_omni.cif,,,,,
hydroxyacetaldehyde_Ag100,hydroxyacetaldehyde,glycolaldehyde,Ag,100,deoxy,C=O,1.21,Ag100_hydroxyacetaldehyde_sevennet_omni.cif,,,,,
hydroxyacetaldehyde_Ag110,hydroxyacetaldehyde,glycolaldehyde,Ag,110,deoxy,C=O,1.21,Ag110_hydroxyacetaldehyde.cif,,,,,
hydroxyacetaldehyde_Ag111,hydroxyacetaldehyde,glycolaldehyde,Ag,111,deoxy,C=O,1.21,Ag111_hydroxyacetaldehyde_sevennet_omni.cif,,,,,
hydroxyacetaldehyde_Au100,hydroxyacetaldehyde,glycolaldehyde,Au,100,deoxy,C=O,1.21,Au100_hydroxyacetaldehyde.cif,,,,,
hydroxyacetaldehyde_Au110,hydroxyacetaldehyde,glycolaldehyde,Au,110,deoxy,C=O,1.21,Au110_hydroxyacetaldehyde.cif,,,,,
hydroxyacetaldehyde_Au111,hydroxyacetaldehyde,glycolaldehyde,Au,111,deoxy,C=O,1.21,Au111_hydroxyacetaldehyde.cif,,,,,
hydroxyacetaldehyde_Cu100,hydroxyacetaldehyde,glycolaldehyde,Cu,100,deoxy,C=O,1.21,Cu100_hydroxyacetaldehyde_sevennet_omni.cif,,,,,
hydroxyacetaldehyde_Cu110,hydroxyacetaldehyde,glycolaldehyde,Cu,110,deoxy,C=O,1.21,Cu110_hydroxyacetaldehyde_sevennet_omni.cif,,,,,
hydroxyacetaldehyde_Cu111,hydroxyacetaldehyde,glycolaldehyde,Cu,111,deoxy,C=O,1.21,Cu111_hydroxyacetaldehyde_sevennet_omni.cif,,,,,
hydroxyacetaldehyde_Ir100,hydroxyacetaldehyde,glycolaldehyde,Ir,100,deoxy,C=O,1.21,Ir100_hydroxyacetaldehyde_sevennet_omni.cif,,,,,
hydroxyacetaldehyde_Ir110,hydroxyacetaldehyde,glycolaldehyde,Ir,110,deoxy,C=O,1.21,Ir110_hydroxyacetaldehyde_sevennet_omni.cif,,,,,
hydroxyacetaldehyde_Ir111,hydroxyacetaldehyde,glycolaldehyde,Ir,111,deoxy,C=O,1.21,Ir111_hydroxyacetaldehyde_sevennet_omni.cif,,,,,
hydroxyacetaldehyde_Pd100,hydroxyacetaldehyde,glycolaldehyde,Pd,100,deoxy,C=O,1.21,Pd100_hydroxyacetaldehyde_sevennet_omni.cif,,,,,
hydroxyacetaldehyde_Pd110,hydroxyacetaldehyde,glycolaldehyde,Pd,110,deoxy,C=O,1.21,Pd110_hydroxyacetaldehyde_sevennet_omni.cif,,,,,
hydroxyacetaldehyde_Pd111,hydroxyacetaldehyde,glycolaldehyde,Pd,111,deoxy,C=O,1.21,Pd111_hydroxyacetaldehyde_sevennet_omni.cif,,,,,
hydroxyacetaldehyde_Pt100,hydroxyacetaldehyde,glycolaldehyde,Pt,100,deoxy,C=O,1.21,Pt100_hydroxyacetaldehyde_sevennet_omni.cif,,,,,
hydroxyacetaldehyde_Pt110,hydroxyacetaldehyde,glycolaldehyde,Pt,110,deoxy,C=O,1.21,Pt110_hydroxyacetaldehyde_sevennet_omni.cif,,,,,
hydroxyacetaldehyde_Pt111,hydroxyacetaldehyde,glycolaldehyde,Pt,111,deoxy,C=O,1.21,Pt111_hydroxyacetaldehyde_sevennet_omni.cif,,,,,
hydroxyacetaldehyde_Rh100,hydroxyacetaldehyde,glycolaldehyde,Rh,100,deoxy,C=O,1.21,Rh100_hydroxyacetaldehyde_sevennet_omni.cif,,,,,
hydroxyacetaldehyde_Rh110,hydroxyacetaldehyde,glycolaldehyde,Rh,110,deoxy,C=O,1.21,Rh110_hydroxyacetaldehyde_sevennet_omni.cif,,,,,
acetone_Ag100,acetone,acetone,Ag,100,deoxy,C=O,1.22,Ag100_acetone_sevennet_omni.cif,,,,,
acetone_Ag110,acetone,acetone,Ag,110,deoxy,C=O,1.22,Ag110_acetone_sevennet_omni.cif,,,,,
acetone_Ag111,acetone,acetone,Ag,111,deoxy,C=O,1.22,Ag111_acetone_sevennet_omni.cif,,,,,
acetone_Au100,acetone,acetone,Au,100,deoxy,C=O,1.22,Au100_acetone.cif,,,,,
acetone_Au110,acetone,acetone,Au,110,deoxy,C=O,1.22,Au110_acetone.cif,,,,,
acetone_Au111,acetone,acetone,Au,111,deoxy,C=O,1.22,Au111_acetone_sevennet_omni.cif,,,,,
acetone_Cu100,acetone,acetone,Cu,100,deoxy,C=O,1.22,Cu100_acetone_sevennet_omni.cif,,,,,
acetone_Cu110,acetone,acetone,Cu,110,deoxy,C=O,1.22,Cu110_acetone_sevennet_omni.cif,,,,,
acetone_Cu111,acetone,acetone,Cu,111,deoxy,C=O,1.22,Cu111_acetone_sevennet_omni.cif,,,,,
acetone_Ir100,acetone,acetone,Ir,100,deoxy,C=O,1.22,Ir100_acetone_sevennet_omni.cif,,,,,
acetone_Ir110,acetone,acetone,Ir,110,deoxy,C=O,1.22,Ir110_acetone_sevennet_omni.cif,,,,,
acetone_Ir111,acetone,acetone,Ir,111,deoxy,C=O,1.22,Ir111_acetone_sevennet_omni.cif,,,,,
acetone_Pd100,acetone,acetone,Pd,100,deoxy,C=O,1.22,Pd100_acetone_sevennet_omni.cif,,,,,
acetone_Pd110,acetone,acetone,Pd,110,deoxy,C=O,1.22,Pd110_acetone_sevennet_omni.cif,,,,,
acetone_Pd111,acetone,acetone,Pd,111,deoxy,C=O,1.22,Pd111_acetone_sevennet_omni.cif,,,,,
acetone_Pt100,acetone,acetone,Pt,100,deoxy,C=O,1.22,Pt100_acetone_sevennet_omni.cif,,,,,
acetone_Pt110,acetone,acetone,Pt,110,deoxy,C=O,1.22,Pt110_acetone_sevennet_omni.cif,,,,,
acetone_Pt111,acetone,acetone,Pt,111,deoxy,C=O,1.22,Pt111_acetone_sevennet_omni.cif,,,,,
acetone_Rh100,acetone,acetone,Rh,100,deoxy,C=O,1.22,Rh100_acetone_sevennet_omni.cif,,,,,
acetone_Rh110,acetone,acetone,Rh,110,deoxy,C=O,1.22,Rh110_acetone_sevennet_omni.cif,,,,,
acetone_Rh111,acetone,acetone,Rh,111,deoxy,C=O,1.22,Rh111_acetone_sevennet_omni.cif,,,,,
propanal_Ag100,propanal,propanal,Ag,100,deoxy,C=O,1.21,Ag100_propanal_sevennet_omni.cif,,,,,
propanal_Ag110,propanal,propanal,Ag,110,deoxy,C=O,1.21,Ag110_propanal_sevennet_omni.cif,,,,,
propanal_Ag111,propanal,propanal,Ag,111,deoxy,C=O,1.21,Ag111_propanal_sevennet_omni.cif,,,,,
propanal_Au100,propanal,propanal,Au,100,deoxy,C=O,1.21,Au100_propanal.cif,,,,,
propanal_Au110,propanal,propanal,Au,110,deoxy,C=O,1.21,Au110_propanal.cif,,,,,
propanal_Au111,propanal,propanal,Au,111,deoxy,C=O,1.21,Au111_propanal.cif,,,,,
propanal_Cu100,propanal,propanal,Cu,100,deoxy,C=O,1.21,Cu100_propanal_sevennet_omni.cif,,,,,
propanal_Cu110,propanal,propanal,Cu,110,deoxy,C=O,1.21,Cu110_propanal_sevennet_omni.cif,,,,,
propanal_Cu111,propanal,propanal,Cu,111,deoxy,C=O,1.21,Cu111_propanal_sevennet_omni.cif,,,,,
propanal_Ir100,propanal,propanal,Ir,100,deoxy,C=O,1.21,Ir100_propanal_sevennet_omni.cif,,,,,
propanal_Ir110,propanal,propanal,Ir,110,deoxy,C=O,1.21,Ir110_propanal_sevennet_omni.cif,,,,,
propanal_Ir111,propanal,propanal,Ir,111,deoxy,C=O,1.21,Ir111_propanal_sevennet_omni.cif,,,,,
propanal_Pd100,propanal,propanal,Pd,100,deoxy,C=O,1.21,Pd100_propanal_sevennet_omni.cif,,,,,
propanal_Pd110,propanal,propanal,Pd,110,deoxy,C=O,1.21,Pd110_propanal_sevennet_omni.cif,,,,,
propanal_Pd111,propanal,propanal,Pd,111,deoxy,C=O,1.21,Pd111_propanal_sevennet_omni.cif,,,,,
propanal_Pt100,propanal,propanal,Pt,100,deoxy,C=O,1.21,Pt100_propanal_sevennet_omni.cif,,,,,
propanal_Pt110,propanal,propanal,Pt,110,deoxy,C=O,1.21,Pt110_propanal_sevennet_omni.cif,,,,,
propanal_Pt111,propanal,propanal,Pt,111,deoxy,C=O,1.21,Pt111_propanal_sevennet_omni.cif,,,,,
propanal_Rh100,propanal,propanal,Rh,100,deoxy,C=O,1.21,Rh100_propanal_sevennet_omni.cif,,,,,
propanal_Rh110,propanal,propanal,Rh,110,deoxy,C=O,1.21,Rh110_propanal_sevennet_omni.cif,,,,,
ethylene_glycol_Ag100,ethylene_glycol,ethylene_glycol,Ag,100,deoxy,C-O,1.43,Ag100_ethylene_glycol_sevennet_omni.cif,,,,,
ethylene_glycol_Ag110,ethylene_glycol,ethylene_glycol,Ag,110,deoxy,C-O,1.43,Ag110_ethylene_glycol_sevennet_omni.cif,,,,,
ethylene_glycol_Ag111,ethylene_glycol,ethylene_glycol,Ag,111,deoxy,C-O,1.43,Ag111_ethylene_glycol_sevennet_omni.cif,,,,,
ethylene_glycol_Au100,ethylene_glycol,ethylene_glycol,Au,100,deoxy,C-O,1.43,Au100_ethylene_glycol.cif,,,,,
ethylene_glycol_Au110,ethylene_glycol,ethylene_glycol,Au,110,deoxy,C-O,1.43,Au110_ethylene_glycol.cif,,,,,
ethylene_glycol_Au111,ethylene_glycol,ethylene_glycol,Au,111,deoxy,C-O,1.43,Au111_ethylene_glycol.cif,,,,,
ethylene_glycol_Cu100,ethylene_glycol,ethylene_glycol,Cu,100,deoxy,C-O,1.43,Cu100_ethylene_glycol_sevennet_omni.cif,,,,,
ethylene_glycol_Cu110,ethylene_glycol,ethylene_glycol,Cu,110,deoxy,C-O,1.43,Cu110_ethylene_glycol_sevennet_omni.cif,,,,,
ethylene_glycol_Cu111,ethylene_glycol,ethylene_glycol,Cu,111,deoxy,C-O,1.43,Cu111_ethylene_glycol_sevennet_omni.cif,,,,,
ethylene_glycol_Ir100,ethylene_glycol,ethylene_glycol,Ir,100,deoxy,C-O,1.43,Ir100_ethylene_glycol_sevennet_omni.cif,,,,,
ethylene_glycol_Ir110,ethylene_glycol,ethylene_glycol,Ir,110,deoxy,C-O,1.43,Ir110_ethylene_glycol_sevennet_omni.cif,,,,,
ethylene_glycol_Ir111,ethylene_glycol,ethylene_glycol,Ir,111,deoxy,C-O,1.43,Ir111_ethylene_glycol_sevennet_omni.cif,,,,,
ethylene_glycol_Pd100,ethylene_glycol,ethylene_glycol,Pd,100,deoxy,C-O,1.43,Pd100_ethylene_glycol_sevennet_omni.cif,,,,,
ethylene_glycol_Pd110,ethylene_glycol,ethylene_glycol,Pd,110,deoxy,C-O,1.43,Pd110_ethylene_glycol_sevennet_omni.cif,,,,,
ethylene_glycol_Pd111,ethylene_glycol,ethylene_glycol,Pd,111,deoxy,C-O,1.43,Pd111_ethylene_glycol_sevennet_omni.cif,,,,,
ethylene_glycol_Pt100,ethylene_glycol,ethylene_glycol,Pt,100,deoxy,C-O,1.43,Pt100_ethylene_glycol_sevennet_omni.cif,,,,,
ethylene_glycol_Pt110,ethylene_glycol,ethylene_glycol,Pt,110,deoxy,C-O,1.43,Pt110_ethylene_glycol_sevennet_omni.cif,,,,,
ethylene_glycol_Pt111,ethylene_glycol,ethylene_glycol,Pt,111,deoxy,C-O,1.43,Pt111_ethylene_glycol_sevennet_omni.cif,,,,,
ethylene_glycol_Rh100,ethylene_glycol,ethylene_glycol,Rh,100,deoxy,C-O,1.43,Rh100_ethylene_glycol_sevennet_omni.cif,,,,,
ethylene_glycol_Rh110,ethylene_glycol,ethylene_glycol,Rh,110,deoxy,C-O,1.43,Rh110_ethylene_glycol_sevennet_omni.cif,,,,,
ethylene_glycol_Rh111,ethylene_glycol,ethylene_glycol,Rh,111,deoxy,C-O,1.43,Rh111_ethylene_glycol_sevennet_omni.cif,,,,,
glycolic_acid_Ag100,glycolic_acid,glycolic_acid,Ag,100,deoxy,C=O,1.21,Ag100_glycolic_acid_sevennet_omni.cif,,,,,
glycolic_acid_Ag110,glycolic_acid,glycolic_acid,Ag,110,deoxy,C=O,1.21,Ag110_glycolic_acid.cif,,,,,
glycolic_acid_Ag111,glycolic_acid,glycolic_acid,Ag,111,deoxy,C=O,1.21,Ag111_glycolic_acid_sevennet_omni.cif,,,,,
glycolic_acid_Au100,glycolic_acid,glycolic_acid,Au,100,deoxy,C=O,1.21,Au100_glycolic_acid.cif,,,,,
glycolic_acid_Au110,glycolic_acid,glycolic_acid,Au,110,deoxy,C=O,1.21,Au110_glycolic_acid.cif,,,,,
glycolic_acid_Au111,glycolic_acid,glycolic_acid,Au,111,deoxy,C=O,1.21,Au111_glycolic_acid.cif,,,,,
glycolic_acid_Cu100,glycolic_acid,glycolic_acid,Cu,100,deoxy,C=O,1.21,Cu100_glycolic_acid_sevennet_omni.cif,,,,,
glycolic_acid_Cu110,glycolic_acid,glycolic_acid,Cu,110,deoxy,C=O,1.21,Cu110_glycolic_acid_sevennet_omni.cif,,,,,
glycolic_acid_Cu111,glycolic_acid,glycolic_acid,Cu,111,deoxy,C=O,1.21,Cu111_glycolic_acid_sevennet_omni.cif,,,,,
glycolic_acid_Ir100,glycolic_acid,glycolic_acid,Ir,100,deoxy,C=O,1.21,Ir100_glycolic_acid_sevennet_omni.cif,,,,,
glycolic_acid_Ir110,glycolic_acid,glycolic_acid,Ir,110,deoxy,C=O,1.21,Ir110_glycolic_acid_sevennet_omni.cif,,,,,
glycolic_acid_Ir111,glycolic_acid,glycolic_acid,Ir,111,deoxy,C=O,1.21,Ir111_glycolic_acid_sevennet_omni.cif,,,,,
glycolic_acid_Pd100,glycolic_acid,glycolic_acid,Pd,100,deoxy,C=O,1.21,Pd100_glycolic_acid_sevennet_omni.cif,,,,,
glycolic_acid_Pd110,glycolic_acid,glycolic_acid,Pd,110,deoxy,C=O,1.21,Pd110_glycolic_acid_sevennet_omni.cif,,,,,
glycolic_acid_Pd111,glycolic_acid,glycolic_acid,Pd,111,deoxy,C=O,1.21,Pd111_glycolic_acid_sevennet_omni.cif,,,,,
glycolic_acid_Pt100,glycolic_acid,glycolic_acid,Pt,100,deoxy,C=O,1.21,Pt100_glycolic_acid_sevennet_omni.cif,,,,,
glycolic_acid_Pt110,glycolic_acid,glycolic_acid,Pt,110,deoxy,C=O,1.21,Pt110_glycolic_acid_sevennet_omni.cif,,,,,
glycolic_acid_Pt111,glycolic_acid,glycolic_acid,Pt,111,deoxy,C=O,1.21,Pt111_glycolic_acid_sevennet_omni.cif,,,,,
glycolic_acid_Rh100,glycolic_acid,glycolic_acid,Rh,100,deoxy,C=O,1.21,Rh100_glycolic_acid_sevennet_omni.cif,,,,,
glycolic_acid_Rh110,glycolic_acid,glycolic_acid,Rh,110,deoxy,C=O,1.21,Rh110_glycolic_acid_sevennet_omni.cif,,,,,
glycolic_acid_Rh111,glycolic_acid,glycolic_acid,Rh,111,deoxy,C=O,1.21,Rh111_glycolic_acid_sevennet_omni.cif,,,,,
methyl_formate_Ag100,methyl_formate,methyl_formate,Ag,100,deoxy,C=O,1.20,Ag100_methyl_formate.cif,,,,,
methyl_formate_Ag110,methyl_formate,methyl_formate,Ag,110,deoxy,C=O,1.20,Ag110_methyl_formate.cif,,,,,
methyl_formate_Ag111,methyl_formate,methyl_formate,Ag,111,deoxy,C=O,1.20,Ag111_methyl_formate.cif,,,,,
methyl_formate_Au100,methyl_formate,methyl_formate,Au,100,deoxy,C=O,1.20,Au100_methyl_formate.cif,,,,,
methyl_formate_Au110,methyl_formate,methyl_formate,Au,110,deoxy,C=O,1.20,Au110_methyl_formate.cif,,,,,
methyl_formate_Au111,methyl_formate,methyl_formate,Au,111,deoxy,C=O,1.20,Au111_methyl_formate.cif,,,,,
methyl_formate_Cu100,methyl_formate,methyl_formate,Cu,100,deoxy,C=O,1.20,Cu100_methyl_formate_sevennet_omni.cif,,,,,
methyl_formate_Cu110,methyl_formate,methyl_formate,Cu,110,deoxy,C=O,1.20,Cu110_methyl_formate_sevennet_omni.cif,,,,,
methyl_formate_Cu111,methyl_formate,methyl_formate,Cu,111,deoxy,C=O,1.20,Cu111_methyl_formate_sevennet_omni.cif,,,,,
methyl_formate_Ir100,methyl_formate,methyl_formate,Ir,100,deoxy,C=O,1.20,Ir100_methyl_formate_sevennet_omni.cif,,,,,
methyl_formate_Ir110,methyl_formate,methyl_formate,Ir,110,deoxy,C=O,1.20,Ir110_methyl_formate_sevennet_omni.cif,,,,,
methyl_formate_Ir111,methyl_formate,methyl_formate,Ir,111,deoxy,C=O,1.20,Ir111_methyl_formate_sevennet_omni.cif,,,,,
methyl_formate_Pd100,methyl_formate,methyl_formate,Pd,100,deoxy,C=O,1.20,Pd100_methyl_formate_sevennet_omni.cif,,,,,
methyl_formate_Pd110,methyl_formate,methyl_formate,Pd,110,deoxy,C=O,1.20,Pd110_methyl_formate_sevennet_omni.cif,,,,,
methyl_formate_Pd111,methyl_formate,methyl_formate,Pd,111,deoxy,C=O,1.20,Pd111_methyl_formate_sevennet_omni.cif,,,,,
methyl_formate_Pt100,methyl_formate,methyl_formate,Pt,100,deoxy,C=O,1.20,Pt100_methyl_formate_sevennet_omni.cif,,,,,
methyl_formate_Pt110,methyl_formate,methyl_formate,Pt,110,deoxy,C=O,1.20,Pt110_methyl_formate_sevennet_omni.cif,,,,,
methyl_formate_Pt111,methyl_formate,methyl_formate,Pt,111,deoxy,C=O,1.20,Pt111_methyl_formate_sevennet_omni.cif,,,,,
methyl_formate_Rh100,methyl_formate,methyl_formate,Rh,100,deoxy,C=O,1.20,Rh100_methyl_formate_sevennet_omni.cif,,,,,
methyl_formate_Rh110,methyl_formate,methyl_formate,Rh,110,deoxy,C=O,1.20,Rh110_methyl_formate_sevennet_omni.cif,,,,,
acetal_Ag100,acetal,acetal,Ag,100,deoxy,C-O,1.41,Ag100_acetal_sevennet_omni.cif,,,,,
acetal_Ag110,acetal,acetal,Ag,110,deoxy,C-O,1.41,Ag110_acetal.cif,,,,,
acetal_Ag111,acetal,acetal,Ag,111,deoxy,C-O,1.41,Ag111_acetal_sevennet_omni.cif,,,,,
acetal_Au100,acetal,acetal,Au,100,deoxy,C-O,1.41,Au100_acetal.cif,,,,,
acetal_Au110,acetal,acetal,Au,110,deoxy,C-O,1.41,Au110_acetal.cif,,,,,
acetal_Au111,acetal,acetal,Au,111,deoxy,C-O,1.41,Au111_acetal.cif,,,,,
acetal_Cu100,acetal,acetal,Cu,100,deoxy,C-O,1.41,Cu100_acetal_sevennet_omni.cif,,,,,
acetal_Cu110,acetal,acetal,Cu,110,deoxy,C-O,1.41,Cu110_acetal_sevennet_omni.cif,,,,,
acetal_Cu111,acetal,acetal,Cu,111,deoxy,C-O,1.41,Cu111_acetal_sevennet_omni.cif,,,,,
acetal_Ir100,acetal,acetal,Ir,100,deoxy,C-O,1.41,Ir100_acetal_sevennet_omni.cif,,,,,
acetal_Ir110,acetal,acetal,Ir,110,deoxy,C-O,1.41,Ir110_acetal_sevennet_omni.cif,,,,,
acetal_Ir111,acetal,acetal,Ir,111,deoxy,C-O,1.41,Ir111_acetal_sevennet_omni.cif,,,,,
acetal_Pd100,acetal,acetal,Pd,100,deoxy,C-O,1.41,Pd100_acetal_sevennet_omni.cif,,,,,
acetal_Pd110,acetal,acetal,Pd,110,deoxy,C-O,1.41,Pd110_acetal_sevennet_omni.cif,,,,,
acetal_Pd111,acetal,acetal,Pd,111,deoxy,C-O,1.41,Pd111_acetal_sevennet_omni.cif,,,,,
acetal_Pt100,acetal,acetal,Pt,100,deoxy,C-O,1.41,Pt100_acetal_sevennet_omni.cif,,,,,
acetal_Pt110,acetal,acetal,Pt,110,deoxy,C-O,1.41,Pt110_acetal_sevennet_omni.cif,,,,,
acetal_Pt111,acetal,acetal,Pt,111,deoxy,C-O,1.41,Pt111_acetal_sevennet_omni.cif,,,,,
acetal_Rh100,acetal,acetal,Rh,100,deoxy,C-O,1.41,Rh100_acetal_sevennet_omni.cif,,,,,
acetal_Rh110,acetal,acetal,Rh,110,deoxy,C-O,1.41,Rh110_acetal_sevennet_omni.cif,,,,,
acetal_Rh111,acetal,acetal,Rh,111,deoxy,C-O,1.41,Rh111_acetal_sevennet_omni.cif,,,,,
O2_Ag100,O2,dioxygen,Ag,100,deoxy,O-O,1.21,Ag100_O2_sevennet_omni.cif,,,,,
O2_Ag110,O2,dioxygen,Ag,110,deoxy,O-O,1.21,Ag110_O2_sevennet_omni.cif,,,,,
O2_Ag111,O2,dioxygen,Ag,111,deoxy,O-O,1.21,Ag111_O2_sevennet_omni.cif,,,,,
O2_Au100,O2,dioxygen,Au,100,deoxy,O-O,1.21,Au100_O2_sevennet_omni.cif,,,,,
O2_Au110,O2,dioxygen,Au,110,deoxy,O-O,1.21,Au110_O2_sevennet_omni.cif,,,,,
O2_Au111,O2,dioxygen,Au,111,deoxy,O-O,1.21,Au111_O2_sevennet_omni.cif,,,,,
O2_Cu100,O2,dioxygen,Cu,100,deoxy,O-O,1.21,Cu100_O2_sevennet_omni.cif,,,,,
O2_Cu110,O2,dioxygen,Cu,110,deoxy,O-O,1.21,Cu110_O2_sevennet_omni.cif,,,,,
O2_Cu111,O2,dioxygen,Cu,111,deoxy,O-O,1.21,Cu111_O2_sevennet_omni.cif,,,,,
O2_Ir100,O2,dioxygen,Ir,100,deoxy,O-O,1.21,Ir100_O2_sevennet_omni.cif,,,,,
O2_Ir110,O2,dioxygen,Ir,110,deoxy,O-O,1.21,Ir110_O2_sevennet_omni.cif,,,,,
O2_Ir111,O2,dioxygen,Ir,111,deoxy,O-O,1.21,Ir111_O2_sevennet_omni.cif,,,,,
O2_Pd100,O2,dioxygen,Pd,100,deoxy,O-O,1.21,Pd100_O2_sevennet_omni.cif,,,,,
O2_Pd110,O2,dioxygen,Pd,110,deoxy,O-O,1.21,Pd110_O2_sevennet_omni.cif,,,,,
O2_Pd111,O2,dioxygen,Pd,111,deoxy,O-O,1.21,Pd111_O2_sevennet_omni.cif,,,,,
O2_Pt100,O2,dioxygen,Pt,100,deoxy,O-O,1.21,Pt100_O2_sevennet_omni.cif,,,,,
O2_Pt110,O2,dioxygen,Pt,110,deoxy,O-O,1.21,Pt110_O2_sevennet_omni.cif,,,,,
O2_Pt111,O2,dioxygen,Pt,111,deoxy,O-O,1.21,Pt111_O2_sevennet_omni.cif,,,,,
O2_Rh100,O2,dioxygen,Rh,100,deoxy,O-O,1.21,Rh100_O2_sevennet_omni.cif,,,,,
O2_Rh110,O2,dioxygen,Rh,110,deoxy,O-O,1.21,Rh110_O2_sevennet_omni.cif,,,,,
O2_Rh111,O2,dioxygen,Rh,111,deoxy,O-O,1.21,Rh111_O2_sevennet_omni.cif,,,,,
CH3OH_Cu100,CH3OH,methanol,Cu,100,orig_cupdpt,C-O,1.43,Cu100_methanol_sevennet_omni.cif,,,,,
CH3OH_Cu110,CH3OH,methanol,Cu,110,orig_cupdpt,C-O,1.43,Cu110_methanol.cif,,,,,
CH3OH_Pd100,CH3OH,methanol,Pd,100,orig_cupdpt,C-O,1.43,Pd100_methanol_sevennet_omni.cif,,,,,
CH3OH_Pd110,CH3OH,methanol,Pd,110,orig_cupdpt,C-O,1.43,Pd110_methanol_sevennet_omni.cif,,,,,
CH3OH_Pd111,CH3OH,methanol,Pd,111,orig_cupdpt,C-O,1.43,Pd111_methanol_sevennet_omni.cif,,,,,
CH3OH_Pt100,CH3OH,methanol,Pt,100,orig_cupdpt,C-O,1.43,Pt100_methanol_sevennet_omni.cif,,,,,
CH3OH_Pt110,CH3OH,methanol,Pt,110,orig_cupdpt,C-O,1.43,Pt110_methanol_sevennet_omni.cif,,,,,
CH3OH_Pt111,CH3OH,methanol,Pt,111,orig_cupdpt,C-O,1.43,Pt111_methanol_sevennet_omni.cif,,,,,
CO_Cu100,CO,CO,Cu,100,orig_cupdpt,C-O,1.15,Cu100_CO_sevennet_omni.cif,,,,,
CO_Cu110,CO,CO,Cu,110,orig_cupdpt,C-O,1.15,Cu110_CO_sevennet_omni.cif,,,,,
CO_Pd100,CO,CO,Pd,100,orig_cupdpt,C-O,1.15,Pd100_CO_sevennet_omni.cif,,,,,
CO_Pd110,CO,CO,Pd,110,orig_cupdpt,C-O,1.15,Pd110_CO_sevennet_omni.cif,,,,,
CO_Pt100,CO,CO,Pt,100,orig_cupdpt,C-O,1.15,Pt100_CO_sevennet_omni.cif,,,,,
CO_Pt110,CO,CO,Pt,110,orig_cupdpt,C-O,1.15,Pt110_CO_sevennet_omni.cif,,,,,
CO2_Cu100,CO2,CO2,Cu,100,orig_cupdpt,C-O,1.16,Cu100_CO2_sevennet_omni.cif,,,,,
CO2_Cu110,CO2,CO2,Cu,110,orig_cupdpt,C-O,1.16,Cu110_CO2_sevennet_omni.cif,,,,,
CO2_Pd100,CO2,CO2,Pd,100,orig_cupdpt,C-O,1.16,Pd100_CO2_sevennet_omni.cif,,,,,
CO2_Pd110,CO2,CO2,Pd,110,orig_cupdpt,C-O,1.16,Pd110_CO2_sevennet_omni.cif,,,,,
CO2_Pd111,CO2,CO2,Pd,111,orig_cupdpt,C-O,1.16,Pd111_CO2_sevennet_omni.cif,,,,,
CO2_Pt100,CO2,CO2,Pt,100,orig_cupdpt,C-O,1.16,Pt100_CO2_sevennet_omni.cif,,,,,
CO2_Pt110,CO2,CO2,Pt,110,orig_cupdpt,C-O,1.16,Pt110_CO2_sevennet_omni.cif,,,,,
CO2_Pt111,CO2,CO2,Pt,111,orig_cupdpt,C-O,1.16,Pt111_CO2_sevennet_omni.cif,,,,,
HCOOH_Cu100,HCOOH,formic_acid,Cu,100,orig_cupdpt,,,Cu100_formic_acid_sevennet_omni.cif,,,,,
HCOOH_Cu110,HCOOH,formic_acid,Cu,110,orig_cupdpt,,,Cu110_formic_acid_sevennet_omni.cif,,,,,
HCOOH_Pd100,HCOOH,formic_acid,Pd,100,orig_cupdpt,,,Pd100_formic_acid_sevennet_omni.cif,,,,,
HCOOH_Pd110,HCOOH,formic_acid,Pd,110,orig_cupdpt,,,Pd110_formic_acid_sevennet_omni.cif,,,,,
HCOOH_Pd111,HCOOH,formic_acid,Pd,111,orig_cupdpt,,,Pd111_formic_acid_sevennet_omni.cif,,,,,
HCOOH_Pt100,HCOOH,formic_acid,Pt,100,orig_cupdpt,,,Pt100_formic_acid_sevennet_omni.cif,,,,,
HCOOH_Pt110,HCOOH,formic_acid,Pt,110,orig_cupdpt,,,Pt110_formic_acid_sevennet_omni.cif,,,,,
HCOOH_Pt111,HCOOH,formic_acid,Pt,111,orig_cupdpt,,,Pt111_formic_acid_sevennet_omni.cif,,,,,
C2H4_Cu100,C2H4,ethylene,Cu,100,orig_cupdpt,C-C,1.49,Cu100_ethylene.cif,,,,,
C2H4_Cu110,C2H4,ethylene,Cu,110,orig_cupdpt,C-C,1.49,Cu110_ethylene.cif,,,,,
C2H4_Cu111,C2H4,ethylene,Cu,111,orig_cupdpt,C-C,1.49,Cu111_ethylene_sevennet_omni.cif,,,,,
C2H4_Pd100,C2H4,ethylene,Pd,100,orig_cupdpt,C-C,1.49,Pd100_ethylene_sevennet_omni.cif,,,,,
C2H4_Pd110,C2H4,ethylene,Pd,110,orig_cupdpt,C-C,1.49,Pd110_ethylene_sevennet_omni.cif,,,,,
C2H4_Pd111,C2H4,ethylene,Pd,111,orig_cupdpt,C-C,1.49,Pd111_ethylene_sevennet_omni.cif,,,,,
C2H4_Pt100,C2H4,ethylene,Pt,100,orig_cupdpt,C-C,1.49,Pt100_ethylene_sevennet_omni.cif,,,,,
C2H4_Pt110,C2H4,ethylene,Pt,110,orig_cupdpt,C-C,1.49,Pt110_ethylene_sevennet_omni.cif,,,,,
C2H6_Cu100,C2H6,ethane,Cu,100,orig_cupdpt,C-C,1.53,Cu100_ethane_sevennet_omni.cif,,,,,
C2H6_Cu110,C2H6,ethane,Cu,110,orig_cupdpt,C-C,1.53,Cu110_ethane_sevennet_omni.cif,,,,,
C2H6_Cu111,C2H6,ethane,Cu,111,orig_cupdpt,C-C,1.53,Cu111_ethane_sevennet_omni.cif,,,,,
C2H6_Pd100,C2H6,ethane,Pd,100,orig_cupdpt,C-C,1.53,Pd100_ethane.cif,,,,,
C2H6_Pd110,C2H6,ethane,Pd,110,orig_cupdpt,C-C,1.53,Pd110_ethane.cif,,,,,
C2H6_Pd111,C2H6,ethane,Pd,111,orig_cupdpt,C-C,1.53,Pd111_ethane.cif,,,,,
C2H6_Pt100,C2H6,ethane,Pt,100,orig_cupdpt,C-C,1.53,Pt100_ethane.cif,,,,,
C2H6_Pt110,C2H6,ethane,Pt,110,orig_cupdpt,C-C,1.53,Pt110_ethane.cif,,,,,
CH3_Cu100,CH3,methyl,Cu,100,orig_cupdpt,C-H,1.09,Cu100_CH3_sevennet_omni.cif,,,,,
CH3_Cu110,CH3,methyl,Cu,110,orig_cupdpt,C-H,1.09,Cu110_CH3_sevennet_omni.cif,,,,,
CH3_Cu111,CH3,methyl,Cu,111,orig_cupdpt,C-H,1.09,Cu111_CH3_sevennet_omni.cif,,,,,
CH3_Pd100,CH3,methyl,Pd,100,orig_cupdpt,C-H,1.09,Pd100_CH3_sevennet_omni.cif,,,,,
CH3_Pd110,CH3,methyl,Pd,110,orig_cupdpt,C-H,1.09,Pd110_CH3_sevennet_omni.cif,,,,,
CH3_Pd111,CH3,methyl,Pd,111,orig_cupdpt,C-H,1.09,Pd111_CH3_sevennet_omni.cif,,,,,
CH3_Pt100,CH3,methyl,Pt,100,orig_cupdpt,C-H,1.09,Pt100_CH3_sevennet_omni.cif,,,,,
CH3_Pt110,CH3,methyl,Pt,110,orig_cupdpt,C-H,1.09,Pt110_CH3_sevennet_omni.cif,,,,,
CH3CH2OH_Cu100,CH3CH2OH,ethanol,Cu,100,orig_cupdpt,C-O,1.43,Cu100_ethanol_sevennet_omni.cif,,,,,
CH3CH2OH_Cu110,CH3CH2OH,ethanol,Cu,110,orig_cupdpt,C-O,1.43,Cu110_ethanol.cif,,,,,
CH3CH2OH_Cu111,CH3CH2OH,ethanol,Cu,111,orig_cupdpt,C-O,1.43,Cu111_ethanol_sevennet_omni.cif,,,,,
CH3CH2OH_Pd100,CH3CH2OH,ethanol,Pd,100,orig_cupdpt,C-O,1.43,Pd100_ethanol.cif,,,,,
CH3CH2OH_Pd110,CH3CH2OH,ethanol,Pd,110,orig_cupdpt,C-O,1.43,Pd110_ethanol.cif,,,,,
CH3CH2OH_Pd111,CH3CH2OH,ethanol,Pd,111,orig_cupdpt,C-O,1.43,Pd111_ethanol.cif,,,,,
CH3CH2OH_Pt100,CH3CH2OH,ethanol,Pt,100,orig_cupdpt,C-O,1.43,Pt100_ethanol.cif,,,,,
CH3CH2OH_Pt110,CH3CH2OH,ethanol,Pt,110,orig_cupdpt,C-O,1.43,Pt110_ethanol.cif,,,,,
CH3CHO_Cu100,CH3CHO,acetaldehyde,Cu,100,orig_cupdpt,C-O,1.22,Cu100_acetaldehyde_sevennet_omni.cif,,,,,
CH3CHO_Cu110,CH3CHO,acetaldehyde,Cu,110,orig_cupdpt,C-O,1.22,Cu110_acetaldehyde_sevennet_omni.cif,,,,,
CH3CHO_Cu111,CH3CHO,acetaldehyde,Cu,111,orig_cupdpt,C-O,1.22,Cu111_acetaldehyde_sevennet_omni.cif,,,,,
CH3CHO_Pd100,CH3CHO,acetaldehyde,Pd,100,orig_cupdpt,C-O,1.22,Pd100_acetaldehyde_sevennet_omni.cif,,,,,
CH3CHO_Pd110,CH3CHO,acetaldehyde,Pd,110,orig_cupdpt,C-O,1.22,Pd110_acetaldehyde_sevennet_omni.cif,,,,,
CH3CHO_Pd111,CH3CHO,acetaldehyde,Pd,111,orig_cupdpt,C-O,1.22,Pd111_acetaldehyde_sevennet_omni.cif,,,,,
CH3CHO_Pt100,CH3CHO,acetaldehyde,Pt,100,orig_cupdpt,C-O,1.22,Pt100_acetaldehyde_sevennet_omni.cif,,,,,
CH3CHO_Pt110,CH3CHO,acetaldehyde,Pt,110,orig_cupdpt,C-O,1.22,Pt110_acetaldehyde_sevennet_omni.cif,,,,,
CH3COOH_Cu100,CH3COOH,acetic_acid,Cu,100,orig_cupdpt,C-C,1.5,Cu100_acetic_acid_sevennet_omni.cif,,,,,
CH3COOH_Cu110,CH3COOH,acetic_acid,Cu,110,orig_cupdpt,C-C,1.5,Cu110_acetic_acid_sevennet_omni.cif,,,,,
CH3COOH_Cu111,CH3COOH,acetic_acid,Cu,111,orig_cupdpt,C-C,1.5,Cu111_acetic_acid_sevennet_omni.cif,,,,,
CH3COOH_Pd100,CH3COOH,acetic_acid,Pd,100,orig_cupdpt,C-C,1.5,Pd100_acetic_acid_sevennet_omni.cif,,,,,
CH3COOH_Pd110,CH3COOH,acetic_acid,Pd,110,orig_cupdpt,C-C,1.5,Pd110_acetic_acid_sevennet_omni.cif,,,,,
CH3COOH_Pd111,CH3COOH,acetic_acid,Pd,111,orig_cupdpt,C-C,1.5,Pd111_acetic_acid_sevennet_omni.cif,,,,,
CH3COOH_Pt100,CH3COOH,acetic_acid,Pt,100,orig_cupdpt,C-C,1.5,Pt100_acetic_acid_sevennet_omni.cif,,,,,
CH3COOH_Pt110,CH3COOH,acetic_acid,Pt,110,orig_cupdpt,C-C,1.5,Pt110_acetic_acid_sevennet_omni.cif,,,,,
CH3OCH3_Cu100,CH3OCH3,DME,Cu,100,orig_cupdpt,C-O,1.41,Cu100_DME.cif,,,,,
CH3OCH3_Cu110,CH3OCH3,DME,Cu,110,orig_cupdpt,C-O,1.41,Cu110_DME.cif,,,,,
CH3OCH3_Cu111,CH3OCH3,DME,Cu,111,orig_cupdpt,C-O,1.41,Cu111_DME.cif,,,,,
CH3OCH3_Pd100,CH3OCH3,DME,Pd,100,orig_cupdpt,C-O,1.41,Pd100_DME_sevennet_omni.cif,,,,,
CH3OCH3_Pd110,CH3OCH3,DME,Pd,110,orig_cupdpt,C-O,1.41,Pd110_DME_sevennet_omni.cif,,,,,
CH3OCH3_Pd111,CH3OCH3,DME,Pd,111,orig_cupdpt,C-O,1.41,Pd111_DME_sevennet_omni.cif,,,,,
CH3OCH3_Pt100,CH3OCH3,DME,Pt,100,orig_cupdpt,C-O,1.41,Pt100_DME_sevennet_omni.cif,,,,,
CH3OCH3_Pt110,CH3OCH3,DME,Pt,110,orig_cupdpt,C-O,1.41,Pt110_DME_sevennet_omni.cif,,,,,
CH4_Cu100,CH4,methane,Cu,100,orig_cupdpt,C-H,1.09,Cu100_CH4_sevennet_omni.cif,,,,,
CH4_Cu110,CH4,methane,Cu,110,orig_cupdpt,C-H,1.09,Cu110_CH4_sevennet_omni.cif,,,,,
CH4_Cu111,CH4,methane,Cu,111,orig_cupdpt,C-H,1.09,Cu111_CH4_sevennet_omni.cif,,,,,
CH4_Pd100,CH4,methane,Pd,100,orig_cupdpt,C-H,1.09,Pd100_CH4_sevennet_omni.cif,,,,,
CH4_Pd110,CH4,methane,Pd,110,orig_cupdpt,C-H,1.09,Pd110_CH4_sevennet_omni.cif,,,,,
CH4_Pd111,CH4,methane,Pd,111,orig_cupdpt,C-H,1.09,Pd111_CH4_sevennet_omni.cif,,,,,
CH4_Pt100,CH4,methane,Pt,100,orig_cupdpt,C-H,1.09,Pt100_CH4_sevennet_omni.cif,,,,,
CH4_Pt110,CH4,methane,Pt,110,orig_cupdpt,C-H,1.09,Pt110_CH4_sevennet_omni.cif,,,,,
H2CO_Cu100,H2CO,formaldehyde,Cu,100,orig_cupdpt,C-O,1.21,Cu100_formaldehyde_sevennet_omni.cif,,,,,
H2CO_Cu110,H2CO,formaldehyde,Cu,110,orig_cupdpt,C-O,1.21,Cu110_formaldehyde_sevennet_omni.cif,,,,,
H2CO_Cu111,H2CO,formaldehyde,Cu,111,orig_cupdpt,C-O,1.21,Cu111_formaldehyde_sevennet_omni.cif,,,,,
H2CO_Pd100,H2CO,formaldehyde,Pd,100,orig_cupdpt,C-O,1.21,Pd100_formaldehyde_sevennet_omni.cif,,,,,
H2CO_Pd110,H2CO,formaldehyde,Pd,110,orig_cupdpt,C-O,1.21,Pd110_formaldehyde_sevennet_omni.cif,,,,,
H2CO_Pd111,H2CO,formaldehyde,Pd,111,orig_cupdpt,C-O,1.21,Pd111_formaldehyde_sevennet_omni.cif,,,,,
H2CO_Pt100,H2CO,formaldehyde,Pt,100,orig_cupdpt,C-O,1.21,Pt100_formaldehyde_sevennet_omni.cif,,,,,
H2CO_Pt110,H2CO,formaldehyde,Pt,110,orig_cupdpt,C-O,1.21,Pt110_formaldehyde_sevennet_omni.cif,,,,,
H2O_Cu100,H2O,water,Cu,100,orig_cupdpt,,,Cu100_H2O_sevennet_omni.cif,,,,,
H2O_Cu110,H2O,water,Cu,110,orig_cupdpt,,,Cu110_H2O_sevennet_omni.cif,,,,,
H2O_Cu111,H2O,water,Cu,111,orig_cupdpt,,,Cu111_H2O_sevennet_omni.cif,,,,,
H2O_Pd100,H2O,water,Pd,100,orig_cupdpt,,,Pd100_H2O_sevennet_omni.cif,,,,,
H2O_Pd110,H2O,water,Pd,110,orig_cupdpt,,,Pd110_H2O_sevennet_omni.cif,,,,,
H2O_Pd111,H2O,water,Pd,111,orig_cupdpt,,,Pd111_H2O_sevennet_omni.cif,,,,,
H2O_Pt100,H2O,water,Pt,100,orig_cupdpt,,,Pt100_H2O_sevennet_omni.cif,,,,,
H2O_Pt110,H2O,water,Pt,110,orig_cupdpt,,,Pt110_H2O_sevennet_omni.cif,,,,,
H2S_Cu100,H2S,H2S,Cu,100,orig_cupdpt,S-H,1.34,Cu100_H2S_sevennet_omni.cif,,,,,
H2S_Cu110,H2S,H2S,Cu,110,orig_cupdpt,S-H,1.34,Cu110_H2S_sevennet_omni.cif,,,,,
H2S_Cu111,H2S,H2S,Cu,111,orig_cupdpt,S-H,1.34,Cu111_H2S_sevennet_omni.cif,,,,,
H2S_Pd100,H2S,H2S,Pd,100,orig_cupdpt,S-H,1.34,Pd100_H2S_sevennet_omni.cif,,,,,
H2S_Pd110,H2S,H2S,Pd,110,orig_cupdpt,S-H,1.34,Pd110_H2S_sevennet_omni.cif,,,,,
H2S_Pd111,H2S,H2S,Pd,111,orig_cupdpt,S-H,1.34,Pd111_H2S_sevennet_omni.cif,,,,,
H2S_Pt100,H2S,H2S,Pt,100,orig_cupdpt,S-H,1.34,Pt100_H2S_sevennet_omni.cif,,,,,
H2S_Pt110,H2S,H2S,Pt,110,orig_cupdpt,S-H,1.34,Pt110_H2S_sevennet_omni.cif,,,,,
N2_Cu100,N2,N2,Cu,100,orig_cupdpt,N-N,1.1,Cu100_N2_sevennet_omni.cif,,,,,
N2_Cu110,N2,N2,Cu,110,orig_cupdpt,N-N,1.1,Cu110_N2_sevennet_omni.cif,,,,,
N2_Cu111,N2,N2,Cu,111,orig_cupdpt,N-N,1.1,Cu111_N2_sevennet_omni.cif,,,,,
N2_Pd100,N2,N2,Pd,100,orig_cupdpt,N-N,1.1,Pd100_N2_sevennet_omni.cif,,,,,
N2_Pd110,N2,N2,Pd,110,orig_cupdpt,N-N,1.1,Pd110_N2_sevennet_omni.cif,,,,,
N2_Pd111,N2,N2,Pd,111,orig_cupdpt,N-N,1.1,Pd111_N2_sevennet_omni.cif,,,,,
N2_Pt100,N2,N2,Pt,100,orig_cupdpt,N-N,1.1,Pt100_N2_sevennet_omni.cif,,,,,
N2_Pt110,N2,N2,Pt,110,orig_cupdpt,N-N,1.1,Pt110_N2_sevennet_omni.cif,,,,,
NH3_Cu100,NH3,ammonia,Cu,100,orig_cupdpt,,,Cu100_NH3_sevennet_omni.cif,,,,,
NH3_Cu110,NH3,ammonia,Cu,110,orig_cupdpt,,,Cu110_NH3_sevennet_omni.cif,,,,,
NH3_Cu111,NH3,ammonia,Cu,111,orig_cupdpt,,,Cu111_NH3_sevennet_omni.cif,,,,,
NH3_Pd100,NH3,ammonia,Pd,100,orig_cupdpt,,,Pd100_NH3_sevennet_omni.cif,,,,,
NH3_Pd110,NH3,ammonia,Pd,110,orig_cupdpt,,,Pd110_NH3_sevennet_omni.cif,,,,,
NH3_Pd111,NH3,ammonia,Pd,111,orig_cupdpt,,,Pd111_NH3_sevennet_omni.cif,,,,,
NH3_Pt100,NH3,ammonia,Pt,100,orig_cupdpt,,,Pt100_NH3_sevennet_omni.cif,,,,,
NH3_Pt110,NH3,ammonia,Pt,110,orig_cupdpt,,,Pt110_NH3_sevennet_omni.cif,,,,,
NO_Cu100,NO,NO,Cu,100,orig_cupdpt,N-O,1.18,Cu100_NO_sevennet_omni.cif,,,,,
NO_Cu110,NO,NO,Cu,110,orig_cupdpt,N-O,1.18,Cu110_NO_sevennet_omni.cif,,,,,
NO_Cu111,NO,NO,Cu,111,orig_cupdpt,N-O,1.18,Cu111_NO_sevennet_omni.cif,,,,,
NO_Pd100,NO,NO,Pd,100,orig_cupdpt,N-O,1.18,Pd100_NO_sevennet_omni.cif,,,,,
NO_Pd110,NO,NO,Pd,110,orig_cupdpt,N-O,1.18,Pd110_NO_sevennet_omni.cif,,,,,
NO_Pd111,NO,NO,Pd,111,orig_cupdpt,N-O,1.18,Pd111_NO_sevennet_omni.cif,,,,,
NO_Pt100,NO,NO,Pt,100,orig_cupdpt,N-O,1.18,Pt100_NO_sevennet_omni.cif,,,,,
NO_Pt110,NO,NO,Pt,110,orig_cupdpt,N-O,1.18,Pt110_NO_sevennet_omni.cif,,,,,
SO2_Cu100,SO2,SO2,Cu,100,orig_cupdpt,S-O,1.44,Cu100_SO2_sevennet_omni.cif,,,,,
SO2_Cu110,SO2,SO2,Cu,110,orig_cupdpt,S-O,1.44,Cu110_SO2_sevennet_omni.cif,,,,,
SO2_Cu111,SO2,SO2,Cu,111,orig_cupdpt,S-O,1.44,Cu111_SO2_sevennet_omni.cif,,,,,
SO2_Pd100,SO2,SO2,Pd,100,orig_cupdpt,S-O,1.44,Pd100_SO2_sevennet_omni.cif,,,,,
SO2_Pd110,SO2,SO2,Pd,110,orig_cupdpt,S-O,1.44,Pd110_SO2_sevennet_omni.cif,,,,,
SO2_Pd111,SO2,SO2,Pd,111,orig_cupdpt,S-O,1.44,Pd111_SO2_sevennet_omni.cif,,,,,
SO2_Pt100,SO2,SO2,Pt,100,orig_cupdpt,S-O,1.44,Pt100_SO2_sevennet_omni.cif,,,,,
SO2_Pt110,SO2,SO2,Pt,110,orig_cupdpt,S-O,1.44,Pt110_SO2_sevennet_omni.cif,,,,,
