task_id,surface,adsorbate,seed,calculator,population_size,generations,n_carbon
0,Ag100,acetylene,1,sevennet_omni,60,200,2
1,Ag100,acetylene,2,sevennet_omni,60,200,2
2,Ag110,acetylene,1,sevennet_omni,60,200,2
3,Ag110,acetylene,2,sevennet_omni,60,200,2
4,Ag111,acetylene,1,sevennet_omni,60,200,2
5,Ag111,acetylene,2,sevennet_omni,60,200,2
6,Au100,acetylene,1,sevennet_omni,60,200,2
7,Au100,acetylene,2,sevennet_omni,60,200,2
8,Au110,acetylene,1,sevennet_omni,60,200,2
9,Au110,acetylene,2,sevennet_omni,60,200,2
10,Au111,acetylene,1,sevennet_omni,60,200,2
11,Au111,acetylene,2,sevennet_omni,60,200,2
12,Cu100,acetylene,1,sevennet_omni,60,200,2
13,Cu100,acetylene,2,sevennet_omni,60,200,2
14,Cu110,acetylene,1,sevennet_omni,60,200,2
15,Cu110,acetylene,2,sevennet_omni,60,200,2
16,Cu111,acetylene,1,sevennet_omni,60,200,2
17,Cu111,acetylene,2,sevennet_omni,60,200,2
18,Ir100,acetylene,1,sevennet_omni,60,200,2
19,Ir100,acetylene,2,sevennet_omni,60,200,2
20,Ir110,acetylene,1,sevennet_omni,60,200,2
21,Ir110,acetylene,2,sevennet_omni,60,200,2
22,Ir111,acetylene,1,sevennet_omni,60,200,2
23,Ir111,acetylene,2,sevennet_omni,60,200,2
24,Pd100,acetylene,1,sevennet_omni,60,200,2
25,Pd100,acetylene,2,sevennet_omni,60,200,2
26,Pd110,acetylene,1,sevennet_omni,60,200,2
27,Pd110,acetylene,2,sevennet_omni,60,200,2
28,Pd111,acetylene,1,sevennet_omni,60,200,2
29,Pd111,acetylene,2,sevennet_omni,60,200,2
30,Pt100,acetylene,1,sevennet_omni,60,200,2
31,Pt100,acetylene,2,sevennet_omni,60,200,2
32,Pt110,acetylene,1,sevennet_omni,60,200,2
33,Pt110,acetylene,2,sevennet_omni,60,200,2
34,Pt111,acetylene,1,sevennet_omni,60,200,2
35,Pt111,acetylene,2,sevennet_omni,60,200,2
36,Rh100,acetylene,1,sevennet_omni,60,200,2
37,Rh100,acetylene,2,sevennet_omni,60,200,2
38,Rh110,acetylene,1,sevennet_omni,60,200,2
39,Rh110,acetylene,2,sevennet_omni,60,200,2
40,Rh111,acetylene,1,sevennet_omni,60,200,2
41,Rh111,acetylene,2,sevennet_omni,60,200,2
42,Ag100,HCN,1,sevennet_omni,60,200,1
43,Ag100,HCN,2,sevennet_omni,60,200,1
44,Ag110,HCN,1,sevennet_omni,60,200,1
45,Ag110,HCN,2,sevennet_omni,60,200,1
46,Ag111,HCN,1,sevennet_omni,60,200,1
47,Ag111,HCN,2,sevennet_omni,60,200,1
48,Au100,HCN,1,sevennet_omni,60,200,1
49,Au100,HCN,2,sevennet_omni,60,200,1
50,Au110,HCN,1,sevennet_omni,60,200,1
51,Au110,HCN,2,sevennet_omni,60,200,1
52,Au111,HCN,1,sevennet_omni,60,200,1
53,Au111,HCN,2,sevennet_omni,60,200,1
54,Cu100,HCN,1,sevennet_omni,60,200,1
55,Cu100,HCN,2,sevennet_omni,60,200,1
56,Cu110,HCN,1,sevennet_omni,60,200,1
57,Cu110,HCN,2,sevennet_omni,60,200,1
58,Cu111,HCN,1,sevennet_omni,60,200,1
59,Cu111,HCN,2,sevennet_omni,60,200,1
60,Ir100,HCN,1,sevennet_omni,60,200,1
61,Ir100,HCN,2,sevennet_omni,60,200,1
62,Ir110,HCN,1,sevennet_omni,60,200,1
63,Ir110,HCN,2,sevennet_omni,60,200,1
64,Ir111,HCN,1,sevennet_omni,60,200,1
65,Ir111,HCN,2,sevennet_omni,60,200,1
66,Pd100,HCN,1,sevennet_omni,60,200,1
67,Pd100,HCN,2,sevennet_omni,60,200,1
68,Pd110,HCN,1,sevennet_omni,60,200,1
69,Pd110,HCN,2,sevennet_omni,60,200,1
70,Pd111,HCN,1,sevennet_omni,60,200,1
71,Pd111,HCN,2,sevennet_omni,60,200,1
72,Pt100,HCN,1,sevennet_omni,60,200,1
73,Pt100,HCN,2,sevennet_omni,60,200,1
74,Pt110,HCN,1,sevennet_omni,60,200,1
75,Pt110,HCN,2,sevennet_omni,60,200,1
76,Pt111,HCN,1,sevennet_omni,60,200,1
77,Pt111,HCN,2,sevennet_omni,60,200,1
78,Rh100,HCN,1,sevennet_omni,60,200,1
79,Rh100,HCN,2,sevennet_omni,60,200,1
80,Rh110,HCN,1,sevennet_omni,60,200,1
81,Rh110,HCN,2,sevennet_omni,60,200,1
82,Rh111,HCN,1,sevennet_omni,60,200,1
83,Rh111,HCN,2,sevennet_omni,60,200,1
84,Ag100,methoxy,1,sevennet_omni,60,200,1
85,Ag100,methoxy,2,sevennet_omni,60,200,1
86,Ag110,methoxy,1,sevennet_omni,60,200,1
87,Ag110,methoxy,2,sevennet_omni,60,200,1
88,Ag111,methoxy,1,sevennet_omni,60,200,1
89,Ag111,methoxy,2,sevennet_omni,60,200,1
90,Au100,methoxy,1,sevennet_omni,60,200,1
91,Au100,methoxy,2,sevennet_omni,60,200,1
92,Au110,methoxy,1,sevennet_omni,60,200,1
93,Au110,methoxy,2,sevennet_omni,60,200,1
94,Au111,methoxy,1,sevennet_omni,60,200,1
95,Au111,methoxy,2,sevennet_omni,60,200,1
96,Cu100,methoxy,1,sevennet_omni,60,200,1
97,Cu100,methoxy,2,sevennet_omni,60,200,1
98,Cu110,methoxy,1,sevennet_omni,60,200,1
99,Cu110,methoxy,2,sevennet_omni,60,200,1
100,Cu111,methoxy,1,sevennet_omni,60,200,1
101,Cu111,methoxy,2,sevennet_omni,60,200,1
102,Ir100,methoxy,1,sevennet_omni,60,200,1
103,Ir100,methoxy,2,sevennet_omni,60,200,1
104,Ir110,methoxy,1,sevennet_omni,60,200,1
105,Ir110,methoxy,2,sevennet_omni,60,200,1
106,Ir111,methoxy,1,sevennet_omni,60,200,1
107,Ir111,methoxy,2,sevennet_omni,60,200,1
108,Pd100,methoxy,1,sevennet_omni,60,200,1
109,Pd100,methoxy,2,sevennet_omni,60,200,1
110,Pd110,methoxy,1,sevennet_omni,60,200,1
111,Pd110,methoxy,2,sevennet_omni,60,200,1
112,Pd111,methoxy,1,sevennet_omni,60,200,1
113,Pd111,methoxy,2,sevennet_omni,60,200,1
114,Pt100,methoxy,1,sevennet_omni,60,200,1
115,Pt100,methoxy,2,sevennet_omni,60,200,1
116,Pt110,methoxy,1,sevennet_omni,60,200,1
117,Pt110,methoxy,2,sevennet_omni,60,200,1
118,Pt111,methoxy,1,sevennet_omni,60,200,1
119,Pt111,methoxy,2,sevennet_omni,60,200,1
120,Rh100,methoxy,1,sevennet_omni,60,200,1
121,Rh100,methoxy,2,sevennet_omni,60,200,1
122,Rh110,methoxy,1,sevennet_omni,60,200,1
123,Rh110,methoxy,2,sevennet_omni,60,200,1
124,Rh111,methoxy,1,sevennet_omni,60,200,1
125,Rh111,methoxy,2,sevennet_omni,60,200,1
126,Ag100,hydroxyl,1,sevennet_omni,60,200,0
127,Ag100,hydroxyl,2,sevennet_omni,60,200,0
128,Ag110,hydroxyl,1,sevennet_omni,60,200,0
129,Ag110,hydroxyl,2,sevennet_omni,60,200,0
130,Ag111,hydroxyl,1,sevennet_omni,60,200,0
131,Ag111,hydroxyl,2,sevennet_omni,60,200,0
132,Au100,hydroxyl,1,sevennet_omni,60,200,0
133,Au100,hydroxyl,2,sevennet_omni,60,200,0
134,Au110,hydroxyl,1,sevennet_omni,60,200,0
135,Au110,hydroxyl,2,sevennet_omni,60,200,0
136,Au111,hydroxyl,1,sevennet_omni,60,200,0
137,Au111,hydroxyl,2,sevennet_omni,60,200,0
138,Cu100,hydroxyl,1,sevennet_omni,60,200,0
139,Cu100,hydroxyl,2,sevennet_omni,60,200,0
140,Cu110,hydroxyl,1,sevennet_omni,60,200,0
141,Cu110,hydroxyl,2,sevennet_omni,60,200,0
142,Cu111,hydroxyl,1,sevennet_omni,60,200,0
143,Cu111,hydroxyl,2,sevennet_omni,60,200,0
144,Ir100,hydroxyl,1,sevennet_omni,60,200,0
145,Ir100,hydroxyl,2,sevennet_omni,60,200,0
146,Ir110,hydroxyl,1,sevennet_omni,60,200,0
147,Ir110,hydroxyl,2,sevennet_omni,60,200,0
148,Ir111,hydroxyl,1,sevennet_omni,60,200,0
149,Ir111,hydroxyl,2,sevennet_omni,60,200,0
150,Pd100,hydroxyl,1,sevennet_omni,60,200,0
151,Pd100,hydroxyl,2,sevennet_omni,60,200,0
152,Pd110,hydroxyl,1,sevennet_omni,60,200,0
153,Pd110,hydroxyl,2,sevennet_omni,60,200,0
154,Pd111,hydroxyl,1,sevennet_omni,60,200,0
155,Pd111,hydroxyl,2,sevennet_omni,60,200,0
156,Pt100,hydroxyl,1,sevennet_omni,60,200,0
157,Pt100,hydroxyl,2,sevennet_omni,60,200,0
158,Pt110,hydroxyl,1,sevennet_omni,60,200,0
159,Pt110,hydroxyl,2,sevennet_omni,60,200,0
160,Pt111,hydroxyl,1,sevennet_omni,60,200,0
161,Pt111,hydroxyl,2,sevennet_omni,60,200,0
162,Rh100,hydroxyl,1,sevennet_omni,60,200,0
163,Rh100,hydroxyl,2,sevennet_omni,60,200,0
164,Rh110,hydroxyl,1,sevennet_omni,60,200,0
165,Rh110,hydroxyl,2,sevennet_omni,60,200,0
166,Rh111,hydroxyl,1,sevennet_omni,60,200,0
167,Rh111,hydroxyl,2,sevennet_omni,60,200,0
168,Ag100,atomicH,1,sevennet_omni,60,200,0
169,Ag100,atomicH,2,sevennet_omni,60,200,0
170,Ag110,atomicH,1,sevennet_omni,60,200,0
171,Ag110,atomicH,2,sevennet_omni,60,200,0
172,Ag111,atomicH,1,sevennet_omni,60,200,0
173,Ag111,atomicH,2,sevennet_omni,60,200,0
174,Au100,atomicH,1,sevennet_omni,60,200,0
175,Au100,atomicH,2,sevennet_omni,60,200,0
176,Au110,atomicH,1,sevennet_omni,60,200,0
177,Au110,atomicH,2,sevennet_omni,60,200,0
178,Au111,atomicH,1,sevennet_omni,60,200,0
179,Au111,atomicH,2,sevennet_omni,60,200,0
180,Cu100,atomicH,1,sevennet_omni,60,200,0
181,Cu100,atomicH,2,sevennet_omni,60,200,0
182,Cu110,atomicH,1,sevennet_omni,60,200,0
183,Cu110,atomicH,2,sevennet_omni,60,200,0
184,Cu111,atomicH,1,sevennet_omni,60,200,0
185,Cu111,atomicH,2,sevennet_omni,60,200,0
186,Ir100,atomicH,1,sevennet_omni,60,200,0
187,Ir100,atomicH,2,sevennet_omni,60,200,0
188,Ir110,atomicH,1,sevennet_omni,60,200,0
189,Ir110,atomicH,2,sevennet_omni,60,200,0
190,Ir111,atomicH,1,sevennet_omni,60,200,0
191,Ir111,atomicH,2,sevennet_omni,60,200,0
192,Pd100,atomicH,1,sevennet_omni,60,200,0
193,Pd100,atomicH,2,sevennet_omni,60,200,0
194,Pd110,atomicH,1,sevennet_omni,60,200,0
195,Pd110,atomicH,2,sevennet_omni,60,200,0
196,Pd111,atomicH,1,sevennet_omni,60,200,0
197,Pd111,atomicH,2,sevennet_omni,60,200,0
198,Pt100,atomicH,1,sevennet_omni,60,200,0
199,Pt100,atomicH,2,sevennet_omni,60,200,0
200,Pt110,atomicH,1,sevennet_omni,60,200,0
201,Pt110,atomicH,2,sevennet_omni,60,200,0
202,Pt111,atomicH,1,sevennet_omni,60,200,0
203,Pt111,atomicH,2,sevennet_omni,60,200,0
204,Rh100,atomicH,1,sevennet_omni,60,200,0
205,Rh100,atomicH,2,sevennet_omni,60,200,0
206,Rh110,atomicH,1,sevennet_omni,60,200,0
207,Rh110,atomicH,2,sevennet_omni,60,200,0
208,Rh111,atomicH,1,sevennet_omni,60,200,0
209,Rh111,atomicH,2,sevennet_omni,60,200,0
210,Ag100,atomicO,1,sevennet_omni,60,200,0
211,Ag100,atomicO,2,sevennet_omni,60,200,0
212,Ag110,atomicO,1,sevennet_omni,60,200,0
213,Ag110,atomicO,2,sevennet_omni,60,200,0
214,Ag111,atomicO,1,sevennet_omni,60,200,0
215,Ag111,atomicO,2,sevennet_omni,60,200,0
216,Au100,atomicO,1,sevennet_omni,60,200,0
217,Au100,atomicO,2,sevennet_omni,60,200,0
218,Au110,atomicO,1,sevennet_omni,60,200,0
219,Au110,atomicO,2,sevennet_omni,60,200,0
220,Au111,atomicO,1,sevennet_omni,60,200,0
221,Au111,atomicO,2,sevennet_omni,60,200,0
222,Cu100,atomicO,1,sevennet_omni,60,200,0
223,Cu100,atomicO,2,sevennet_omni,60,200,0
224,Cu110,atomicO,1,sevennet_omni,60,200,0
225,Cu110,atomicO,2,sevennet_omni,60,200,0
226,Cu111,atomicO,1,sevennet_omni,60,200,0
227,Cu111,atomicO,2,sevennet_omni,60,200,0
228,Ir100,atomicO,1,sevennet_omni,60,200,0
229,Ir100,atomicO,2,sevennet_omni,60,200,0
230,Ir110,atomicO,1,sevennet_omni,60,200,0
231,Ir110,atomicO,2,sevennet_omni,60,200,0
232,Ir111,atomicO,1,sevennet_omni,60,200,0
233,Ir111,atomicO,2,sevennet_omni,60,200,0
234,Pd100,atomicO,1,sevennet_omni,60,200,0
235,Pd100,atomicO,2,sevennet_omni,60,200,0
236,Pd110,atomicO,1,sevennet_omni,60,200,0
237,Pd110,atomicO,2,sevennet_omni,60,200,0
238,Pd111,atomicO,1,sevennet_omni,60,200,0
239,Pd111,atomicO,2,sevennet_omni,60,200,0
240,Pt100,atomicO,1,sevennet_omni,60,200,0
241,Pt100,atomicO,2,sevennet_omni,60,200,0
242,Pt110,atomicO,1,sevennet_omni,60,200,0
243,Pt110,atomicO,2,sevennet_omni,60,200,0
244,Pt111,atomicO,1,sevennet_omni,60,200,0
245,Pt111,atomicO,2,sevennet_omni,60,200,0
246,Rh100,atomicO,1,sevennet_omni,60,200,0
247,Rh100,atomicO,2,sevennet_omni,60,200,0
248,Rh110,atomicO,1,sevennet_omni,60,200,0
249,Rh110,atomicO,2,sevennet_omni,60,200,0
250,Rh111,atomicO,1,sevennet_omni,60,200,0
251,Rh111,atomicO,2,sevennet_omni,60,200,0
252,Ag100,CH,1,sevennet_omni,60,200,1
253,Ag100,CH,2,sevennet_omni,60,200,1
254,Ag110,CH,1,sevennet_omni,60,200,1
255,Ag110,CH,2,sevennet_omni,60,200,1
256,Ag111,CH,1,sevennet_omni,60,200,1
257,Ag111,CH,2,sevennet_omni,60,200,1
258,Au100,CH,1,sevennet_omni,60,200,1
259,Au100,CH,2,sevennet_omni,60,200,1
260,Au110,CH,1,sevennet_omni,60,200,1
261,Au110,CH,2,sevennet_omni,60,200,1
262,Au111,CH,1,sevennet_omni,60,200,1
263,Au111,CH,2,sevennet_omni,60,200,1
264,Cu100,CH,1,sevennet_omni,60,200,1
265,Cu100,CH,2,sevennet_omni,60,200,1
266,Cu110,CH,1,sevennet_omni,60,200,1
267,Cu110,CH,2,sevennet_omni,60,200,1
268,Cu111,CH,1,sevennet_omni,60,200,1
269,Cu111,CH,2,sevennet_omni,60,200,1
270,Ir100,CH,1,sevennet_omni,60,200,1
271,Ir100,CH,2,sevennet_omni,60,200,1
272,Ir110,CH,1,sevennet_omni,60,200,1
273,Ir110,CH,2,sevennet_omni,60,200,1
274,Ir111,CH,1,sevennet_omni,60,200,1
275,Ir111,CH,2,sevennet_omni,60,200,1
276,Pd100,CH,1,sevennet_omni,60,200,1
277,Pd100,CH,2,sevennet_omni,60,200,1
278,Pd110,CH,1,sevennet_omni,60,200,1
279,Pd110,CH,2,sevennet_omni,60,200,1
280,Pd111,CH,1,sevennet_omni,60,200,1
281,Pd111,CH,2,sevennet_omni,60,200,1
282,Pt100,CH,1,sevennet_omni,60,200,1
283,Pt100,CH,2,sevennet_omni,60,200,1
284,Pt110,CH,1,sevennet_omni,60,200,1
285,Pt110,CH,2,sevennet_omni,60,200,1
286,Pt111,CH,1,sevennet_omni,60,200,1
287,Pt111,CH,2,sevennet_omni,60,200,1
288,Rh100,CH,1,sevennet_omni,60,200,1
289,Rh100,CH,2,sevennet_omni,60,200,1
290,Rh110,CH,1,sevennet_omni,60,200,1
291,Rh110,CH,2,sevennet_omni,60,200,1
292,Rh111,CH,1,sevennet_omni,60,200,1
293,Rh111,CH,2,sevennet_omni,60,200,1
294,Ag100,atomicC,1,sevennet_omni,60,200,1
295,Ag100,atomicC,2,sevennet_omni,60,200,1
296,Ag110,atomicC,1,sevennet_omni,60,200,1
297,Ag110,atomicC,2,sevennet_omni,60,200,1
298,Ag111,atomicC,1,sevennet_omni,60,200,1
299,Ag111,atomicC,2,sevennet_omni,60,200,1
300,Au100,atomicC,1,sevennet_omni,60,200,1
301,Au100,atomicC,2,sevennet_omni,60,200,1
302,Au110,atomicC,1,sevennet_omni,60,200,1
303,Au110,atomicC,2,sevennet_omni,60,200,1
304,Au111,atomicC,1,sevennet_omni,60,200,1
305,Au111,atomicC,2,sevennet_omni,60,200,1
306,Cu100,atomicC,1,sevennet_omni,60,200,1
307,Cu100,atomicC,2,sevennet_omni,60,200,1
308,Cu110,atomicC,1,sevennet_omni,60,200,1
309,Cu110,atomicC,2,sevennet_omni,60,200,1
310,Cu111,atomicC,1,sevennet_omni,60,200,1
311,Cu111,atomicC,2,sevennet_omni,60,200,1
312,Ir100,atomicC,1,sevennet_omni,60,200,1
313,Ir100,atomicC,2,sevennet_omni,60,200,1
314,Ir110,atomicC,1,sevennet_omni,60,200,1
315,Ir110,atomicC,2,sevennet_omni,60,200,1
316,Ir111,atomicC,1,sevennet_omni,60,200,1
317,Ir111,atomicC,2,sevennet_omni,60,200,1
318,Pd100,atomicC,1,sevennet_omni,60,200,1
319,Pd100,atomicC,2,sevennet_omni,60,200,1
320,Pd110,atomicC,1,sevennet_omni,60,200,1
321,Pd110,atomicC,2,sevennet_omni,60,200,1
322,Pd111,atomicC,1,sevennet_omni,60,200,1
323,Pd111,atomicC,2,sevennet_omni,60,200,1
324,Pt100,atomicC,1,sevennet_omni,60,200,1
325,Pt100,atomicC,2,sevennet_omni,60,200,1
326,Pt110,atomicC,1,sevennet_omni,60,200,1
327,Pt110,atomicC,2,sevennet_omni,60,200,1
328,Pt111,atomicC,1,sevennet_omni,60,200,1
329,Pt111,atomicC,2,sevennet_omni,60,200,1
330,Rh100,atomicC,1,sevennet_omni,60,200,1
331,Rh100,atomicC,2,sevennet_omni,60,200,1
332,Rh110,atomicC,1,sevennet_omni,60,200,1
333,Rh110,atomicC,2,sevennet_omni,60,200,1
334,Rh111,atomicC,1,sevennet_omni,60,200,1
335,Rh111,atomicC,2,sevennet_omni,60,200,1
336,Ag100,C2H5,1,sevennet_omni,60,200,2
337,Ag100,C2H5,2,sevennet_omni,60,200,2
338,Ag110,C2H5,1,sevennet_omni,60,200,2
339,Ag110,C2H5,2,sevennet_omni,60,200,2
340,Ag111,C2H5,1,sevennet_omni,60,200,2
341,Ag111,C2H5,2,sevennet_omni,60,200,2
342,Au100,C2H5,1,sevennet_omni,60,200,2
343,Au100,C2H5,2,sevennet_omni,60,200,2
344,Au110,C2H5,1,sevennet_omni,60,200,2
345,Au110,C2H5,2,sevennet_omni,60,200,2
346,Au111,C2H5,1,sevennet_omni,60,200,2
347,Au111,C2H5,2,sevennet_omni,60,200,2
348,Cu100,C2H5,1,sevennet_omni,60,200,2
349,Cu100,C2H5,2,sevennet_omni,60,200,2
350,Cu110,C2H5,1,sevennet_omni,60,200,2
351,Cu110,C2H5,2,sevennet_omni,60,200,2
352,Cu111,C2H5,1,sevennet_omni,60,200,2
353,Cu111,C2H5,2,sevennet_omni,60,200,2
354,Ir100,C2H5,1,sevennet_omni,60,200,2
355,Ir100,C2H5,2,sevennet_omni,60,200,2
356,Ir110,C2H5,1,sevennet_omni,60,200,2
357,Ir110,C2H5,2,sevennet_omni,60,200,2
358,Ir111,C2H5,1,sevennet_omni,60,200,2
359,Ir111,C2H5,2,sevennet_omni,60,200,2
360,Pd100,C2H5,1,sevennet_omni,60,200,2
361,Pd100,C2H5,2,sevennet_omni,60,200,2
362,Pd110,C2H5,1,sevennet_omni,60,200,2
363,Pd110,C2H5,2,sevennet_omni,60,200,2
364,Pd111,C2H5,1,sevennet_omni,60,200,2
365,Pd111,C2H5,2,sevennet_omni,60,200,2
366,Pt100,C2H5,1,sevennet_omni,60,200,2
367,Pt100,C2H5,2,sevennet_omni,60,200,2
368,Pt110,C2H5,1,sevennet_omni,60,200,2
369,Pt110,C2H5,2,sevennet_omni,60,200,2
370,Pt111,C2H5,1,sevennet_omni,60,200,2
371,Pt111,C2H5,2,sevennet_omni,60,200,2
372,Rh100,C2H5,1,sevennet_omni,60,200,2
373,Rh100,C2H5,2,sevennet_omni,60,200,2
374,Rh110,C2H5,1,sevennet_omni,60,200,2
375,Rh110,C2H5,2,sevennet_omni,60,200,2
376,Rh111,C2H5,1,sevennet_omni,60,200,2
377,Rh111,C2H5,2,sevennet_omni,60,200,2
378,Ag100,C2H3,1,sevennet_omni,60,200,2
379,Ag100,C2H3,2,sevennet_omni,60,200,2
380,Ag110,C2H3,1,sevennet_omni,60,200,2
381,Ag110,C2H3,2,sevennet_omni,60,200,2
382,Ag111,C2H3,1,sevennet_omni,60,200,2
383,Ag111,C2H3,2,sevennet_omni,60,200,2
384,Au100,C2H3,1,sevennet_omni,60,200,2
385,Au100,C2H3,2,sevennet_omni,60,200,2
386,Au110,C2H3,1,sevennet_omni,60,200,2
387,Au110,C2H3,2,sevennet_omni,60,200,2
388,Au111,C2H3,1,sevennet_omni,60,200,2
389,Au111,C2H3,2,sevennet_omni,60,200,2
390,Cu100,C2H3,1,sevennet_omni,60,200,2
391,Cu100,C2H3,2,sevennet_omni,60,200,2
392,Cu110,C2H3,1,sevennet_omni,60,200,2
393,Cu110,C2H3,2,sevennet_omni,60,200,2
394,Cu111,C2H3,1,sevennet_omni,60,200,2
395,Cu111,C2H3,2,sevennet_omni,60,200,2
396,Ir100,C2H3,1,sevennet_omni,60,200,2
397,Ir100,C2H3,2,sevennet_omni,60,200,2
398,Ir110,C2H3,1,sevennet_omni,60,200,2
399,Ir110,C2H3,2,sevennet_omni,60,200,2
400,Ir111,C2H3,1,sevennet_omni,60,200,2
401,Ir111,C2H3,2,sevennet_omni,60,200,2
402,Pd100,C2H3,1,sevennet_omni,60,200,2
403,Pd100,C2H3,2,sevennet_omni,60,200,2
404,Pd110,C2H3,1,sevennet_omni,60,200,2
405,Pd110,C2H3,2,sevennet_omni,60,200,2
406,Pd111,C2H3,1,sevennet_omni,60,200,2
407,Pd111,C2H3,2,sevennet_omni,60,200,2
408,Pt100,C2H3,1,sevennet_omni,60,200,2
409,Pt100,C2H3,2,sevennet_omni,60,200,2
410,Pt110,C2H3,1,sevennet_omni,60,200,2
411,Pt110,C2H3,2,sevennet_omni,60,200,2
412,Pt111,C2H3,1,sevennet_omni,60,200,2
413,Pt111,C2H3,2,sevennet_omni,60,200,2
414,Rh100,C2H3,1,sevennet_omni,60,200,2
415,Rh100,C2H3,2,sevennet_omni,60,200,2
416,Rh110,C2H3,1,sevennet_omni,60,200,2
417,Rh110,C2H3,2,sevennet_omni,60,200,2
418,Rh111,C2H3,1,sevennet_omni,60,200,2
419,Rh111,C2H3,2,sevennet_omni,60,200,2
420,Ag100,C2H,1,sevennet_omni,60,200,2
421,Ag100,C2H,2,sevennet_omni,60,200,2
422,Ag110,C2H,1,sevennet_omni,60,200,2
423,Ag110,C2H,2,sevennet_omni,60,200,2
424,Ag111,C2H,1,sevennet_omni,60,200,2
425,Ag111,C2H,2,sevennet_omni,60,200,2
426,Au100,C2H,1,sevennet_omni,60,200,2
427,Au100,C2H,2,sevennet_omni,60,200,2
428,Au110,C2H,1,sevennet_omni,60,200,2
429,Au110,C2H,2,sevennet_omni,60,200,2
430,Au111,C2H,1,sevennet_omni,60,200,2
431,Au111,C2H,2,sevennet_omni,60,200,2
432,Cu100,C2H,1,sevennet_omni,60,200,2
433,Cu100,C2H,2,sevennet_omni,60,200,2
434,Cu110,C2H,1,sevennet_omni,60,200,2
435,Cu110,C2H,2,sevennet_omni,60,200,2
436,Cu111,C2H,1,sevennet_omni,60,200,2
437,Cu111,C2H,2,sevennet_omni,60,200,2
438,Ir100,C2H,1,sevennet_omni,60,200,2
439,Ir100,C2H,2,sevennet_omni,60,200,2
440,Ir110,C2H,1,sevennet_omni,60,200,2
441,Ir110,C2H,2,sevennet_omni,60,200,2
442,Ir111,C2H,1,sevennet_omni,60,200,2
443,Ir111,C2H,2,sevennet_omni,60,200,2
444,Pd100,C2H,1,sevennet_omni,60,200,2
445,Pd100,C2H,2,sevennet_omni,60,200,2
446,Pd110,C2H,1,sevennet_omni,60,200,2
447,Pd110,C2H,2,sevennet_omni,60,200,2
448,Pd111,C2H,1,sevennet_omni,60,200,2
449,Pd111,C2H,2,sevennet_omni,60,200,2
450,Pt100,C2H,1,sevennet_omni,60,200,2
451,Pt100,C2H,2,sevennet_omni,60,200,2
452,Pt110,C2H,1,sevennet_omni,60,200,2
453,Pt110,C2H,2,sevennet_omni,60,200,2
454,Pt111,C2H,1,sevennet_omni,60,200,2
455,Pt111,C2H,2,sevennet_omni,60,200,2
456,Rh100,C2H,1,sevennet_omni,60,200,2
457,Rh100,C2H,2,sevennet_omni,60,200,2
458,Rh110,C2H,1,sevennet_omni,60,200,2
459,Rh110,C2H,2,sevennet_omni,60,200,2
460,Rh111,C2H,1,sevennet_omni,60,200,2
461,Rh111,C2H,2,sevennet_omni,60,200,2
462,Ag100,CH2OH,1,sevennet_omni,60,200,1
463,Ag100,CH2OH,2,sevennet_omni,60,200,1
464,Ag110,CH2OH,1,sevennet_omni,60,200,1
465,Ag110,CH2OH,2,sevennet_omni,60,200,1
466,Ag111,CH2OH,1,sevennet_omni,60,200,1
467,Ag111,CH2OH,2,sevennet_omni,60,200,1
468,Au100,CH2OH,1,sevennet_omni,60,200,1
469,Au100,CH2OH,2,sevennet_omni,60,200,1
470,Au110,CH2OH,1,sevennet_omni,60,200,1
471,Au110,CH2OH,2,sevennet_omni,60,200,1
472,Au111,CH2OH,1,sevennet_omni,60,200,1
473,Au111,CH2OH,2,sevennet_omni,60,200,1
474,Cu100,CH2OH,1,sevennet_omni,60,200,1
475,Cu100,CH2OH,2,sevennet_omni,60,200,1
476,Cu110,CH2OH,1,sevennet_omni,60,200,1
477,Cu110,CH2OH,2,sevennet_omni,60,200,1
478,Cu111,CH2OH,1,sevennet_omni,60,200,1
479,Cu111,CH2OH,2,sevennet_omni,60,200,1
480,Ir100,CH2OH,1,sevennet_omni,60,200,1
481,Ir100,CH2OH,2,sevennet_omni,60,200,1
482,Ir110,CH2OH,1,sevennet_omni,60,200,1
483,Ir110,CH2OH,2,sevennet_omni,60,200,1
484,Ir111,CH2OH,1,sevennet_omni,60,200,1
485,Ir111,CH2OH,2,sevennet_omni,60,200,1
486,Pd100,CH2OH,1,sevennet_omni,60,200,1
487,Pd100,CH2OH,2,sevennet_omni,60,200,1
488,Pd110,CH2OH,1,sevennet_omni,60,200,1
489,Pd110,CH2OH,2,sevennet_omni,60,200,1
490,Pd111,CH2OH,1,sevennet_omni,60,200,1
491,Pd111,CH2OH,2,sevennet_omni,60,200,1
492,Pt100,CH2OH,1,sevennet_omni,60,200,1
493,Pt100,CH2OH,2,sevennet_omni,60,200,1
494,Pt110,CH2OH,1,sevennet_omni,60,200,1
495,Pt110,CH2OH,2,sevennet_omni,60,200,1
496,Pt111,CH2OH,1,sevennet_omni,60,200,1
497,Pt111,CH2OH,2,sevennet_omni,60,200,1
498,Rh100,CH2OH,1,sevennet_omni,60,200,1
499,Rh100,CH2OH,2,sevennet_omni,60,200,1
500,Rh110,CH2OH,1,sevennet_omni,60,200,1
501,Rh110,CH2OH,2,sevennet_omni,60,200,1
502,Rh111,CH2OH,1,sevennet_omni,60,200,1
503,Rh111,CH2OH,2,sevennet_omni,60,200,1
504,Ag100,OOH,1,sevennet_omni,60,200,0
505,Ag100,OOH,2,sevennet_omni,60,200,0
506,Ag110,OOH,1,sevennet_omni,60,200,0
507,Ag110,OOH,2,sevennet_omni,60,200,0
508,Ag111,OOH,1,sevennet_omni,60,200,0
509,Ag111,OOH,2,sevennet_omni,60,200,0
510,Au100,OOH,1,sevennet_omni,60,200,0
511,Au100,OOH,2,sevennet_omni,60,200,0
512,Au110,OOH,1,sevennet_omni,60,200,0
513,Au110,OOH,2,sevennet_omni,60,200,0
514,Au111,OOH,1,sevennet_omni,60,200,0
515,Au111,OOH,2,sevennet_omni,60,200,0
516,Cu100,OOH,1,sevennet_omni,60,200,0
517,Cu100,OOH,2,sevennet_omni,60,200,0
518,Cu110,OOH,1,sevennet_omni,60,200,0
519,Cu110,OOH,2,sevennet_omni,60,200,0
520,Cu111,OOH,1,sevennet_omni,60,200,0
521,Cu111,OOH,2,sevennet_omni,60,200,0
522,Ir100,OOH,1,sevennet_omni,60,200,0
523,Ir100,OOH,2,sevennet_omni,60,200,0
524,Ir110,OOH,1,sevennet_omni,60,200,0
525,Ir110,OOH,2,sevennet_omni,60,200,0
526,Ir111,OOH,1,sevennet_omni,60,200,0
527,Ir111,OOH,2,sevennet_omni,60,200,0
528,Pd100,OOH,1,sevennet_omni,60,200,0
529,Pd100,OOH,2,sevennet_omni,60,200,0
530,Pd110,OOH,1,sevennet_omni,60,200,0
531,Pd110,OOH,2,sevennet_omni,60,200,0
532,Pd111,OOH,1,sevennet_omni,60,200,0
533,Pd111,OOH,2,sevennet_omni,60,200,0
534,Pt100,OOH,1,sevennet_omni,60,200,0
535,Pt100,OOH,2,sevennet_omni,60,200,0
536,Pt110,OOH,1,sevennet_omni,60,200,0
537,Pt110,OOH,2,sevennet_omni,60,200,0
538,Pt111,OOH,1,sevennet_omni,60,200,0
539,Pt111,OOH,2,sevennet_omni,60,200,0
540,Rh100,OOH,1,sevennet_omni,60,200,0
541,Rh100,OOH,2,sevennet_omni,60,200,0
542,Rh110,OOH,1,sevennet_omni,60,200,0
543,Rh110,OOH,2,sevennet_omni,60,200,0
544,Rh111,OOH,1,sevennet_omni,60,200,0
545,Rh111,OOH,2,sevennet_omni,60,200,0
546,Ag100,COOH,1,sevennet_omni,60,200,1
547,Ag100,COOH,2,sevennet_omni,60,200,1
548,Ag110,COOH,1,sevennet_omni,60,200,1
549,Ag110,COOH,2,sevennet_omni,60,200,1
550,Ag111,COOH,1,sevennet_omni,60,200,1
551,Ag111,COOH,2,sevennet_omni,60,200,1
552,Au100,COOH,1,sevennet_omni,60,200,1
553,Au100,COOH,2,sevennet_omni,60,200,1
554,Au110,COOH,1,sevennet_omni,60,200,1
555,Au110,COOH,2,sevennet_omni,60,200,1
556,Au111,COOH,1,sevennet_omni,60,200,1
557,Au111,COOH,2,sevennet_omni,60,200,1
558,Cu100,COOH,1,sevennet_omni,60,200,1
559,Cu100,COOH,2,sevennet_omni,60,200,1
560,Cu110,COOH,1,sevennet_omni,60,200,1
561,Cu110,COOH,2,sevennet_omni,60,200,1
562,Cu111,COOH,1,sevennet_omni,60,200,1
563,Cu111,COOH,2,sevennet_omni,60,200,1
564,Ir100,COOH,1,sevennet_omni,60,200,1
565,Ir100,COOH,2,sevennet_omni,60,200,1
566,Ir110,COOH,1,sevennet_omni,60,200,1
567,Ir110,COOH,2,sevennet_omni,60,200,1
568,Ir111,COOH,1,sevennet_omni,60,200,1
569,Ir111,COOH,2,sevennet_omni,60,200,1
570,Pd100,COOH,1,sevennet_omni,60,200,1
571,Pd100,COOH,2,sevennet_omni,60,200,1
572,Pd110,COOH,1,sevennet_omni,60,200,1
573,Pd110,COOH,2,sevennet_omni,60,200,1
574,Pd111,COOH,1,sevennet_omni,60,200,1
575,Pd111,COOH,2,sevennet_omni,60,200,1
576,Pt100,COOH,1,sevennet_omni,60,200,1
577,Pt100,COOH,2,sevennet_omni,60,200,1
578,Pt110,COOH,1,sevennet_omni,60,200,1
579,Pt110,COOH,2,sevennet_omni,60,200,1
580,Pt111,COOH,1,sevennet_omni,60,200,1
581,Pt111,COOH,2,sevennet_omni,60,200,1
582,Rh100,COOH,1,sevennet_omni,60,200,1
583,Rh100,COOH,2,sevennet_omni,60,200,1
584,Rh110,COOH,1,sevennet_omni,60,200,1
585,Rh110,COOH,2,sevennet_omni,60,200,1
586,Rh111,COOH,1,sevennet_omni,60,200,1
587,Rh111,COOH,2,sevennet_omni,60,200,1
